address_hierarchy_entry_idEPTS,name EPTS,level_idEPTS,parent_idEPTS,user_generated_idEPTS,latitudeEPTS,longitudeEPTS,elevationEPTS,uuidEPTS,address_hierarchy_entry_id,name,level_id,parent_id,user_generated_id,latitude,longitude,elevation,uuid
1107,Moçambique,1,,,,,,7a0dd1b5-4150-4788-9231-d33d0ca58138,1734,Mocambique,9,,,,,,f967ce89-abac-4831-9585-d48aea7671d2
1108,Maputo,2,1107,,,,,a54a30a0-0fc1-47f3-b17e-895f4b23acd4,3081,Maputo Provincia,10,1734,,,,,d392cae9-a154-4139-a9da-c6ee0cf0900e
1109,Matola,3,1108,,,,,58f6a8e9-532a-4645-b85b-5f119aa46a77,,MATOLA,,,,,,,1d708249-89f6-434d-891c-ad2628bbcc9e
1110,Boane,3,1108,,,,,219232cd-57de-4eaa-b000-dadb0b54d848,,Boane,,,,,,,66dc26ea-aa0a-46eb-9457-00cdb728d8af
1111,Magude,3,1108,,,,,73d5ae66-a0e8-45c7-91f7-4426dd9e2b05,,Magude,,,,,,,e1d1366e-19b5-43b1-beb4-e696f8e515b5
1112,Manhica,3,1108,,,,,2f4aadba-fc26-4391-be1d-868c76d82327,,Manhica,,,,,,,d17b1dfa-9eaa-4fec-8fdf-81810cc40779
1113,Marracuene,3,1108,,,,,9741527f-77c3-4c2e-99dd-d6292743b9bf,,Marracuene,,,,,,,4dfe075b-5e6e-4403-b4e3-a1ab910ccb83
1114,Matutuine,3,1108,,,,,5dea68b6-5f26-4009-99f9-82f1aa79f0e8,,#N/A,,,,,,,#N/A
1115,Moamba,3,1108,,,,,ede5e4a8-318b-4baa-9a1c-42b2c2afa673,,Moamba,,,,,,,67627bde-b552-4f07-babf-35efed0a7ac1
1116,Namaacha,3,1108,,,,,29f3d061-20e2-44e2-94c7-bc5d31843fbf,,Namaacha,,,,,,,2078266a-5f91-4ea5-a603-b58d626dfa42
1117,Cidade de Maputo,3,1108,,,,,eceb0002-c890-483b-8688-8e5febeef6ca,,#N/A,,,,,,,#N/A
1118,Gaza,2,1107,,,,,3dcca659-149d-4d55-b581-9b00e68367f7,3333,Gaza,10,1734,,,,,c9e6f6b1-211d-49b7-b07b-805b8e63cd85
1119,Xai-Xai,3,1118,,,,,0574ac97-5a3b-4847-8ddf-933f706e4995,,Xai-Xai,,,,,,,16f3c791-bce7-4648-a517-27ee15f4cfd4
1120,Bilene,3,1118,,,,,928ef090-6941-4699-b22d-0f177c2e940b,,Bilene,,,,,,,49f9316f-c49e-4df4-870e-74dab32b418d
1121,Chibuto,3,1118,,,,,eabb15ba-5277-4d23-99be-321482e0de46,,Chibuto,,,,,,,50984a64-6ce7-4366-b682-715593f79264
1122,Chicualacuala,3,1118,,,,,bbdf9c99-b893-4629-8ecc-9a569e672e61,,Chicualacuala,,,,,,,a120b358-f277-419d-9642-9f1692529f2a
1123,Chigubo,3,1118,,,,,e6a4f7ed-0f44-4ee2-a810-7e25376bdffb,,Chigubo,,,,,,,1ffc5261-937e-4b17-bfdd-7155fe0612e5
1124,Chokwe,3,1118,,,,,867678f5-1c07-4f7e-8203-1f5954d6d09d,,Chokwe,,,,,,,cf70466b-76c2-4aa2-bed2-daae2e7c960f
1125,Guija,3,1118,,,,,b473be18-608d-45d5-9db6-a7379d9e65ff,,Guija,,,,,,,9c410792-e9bf-4559-a50f-ffe73eab5349
1126,Mabalane,3,1118,,,,,5928892e-617b-46c9-914c-0709e058fb80,,Mabalane,,,,,,,f78ade79-8c84-41ab-8aed-ce1c9d38af31
1127,Manjacaze,3,1118,,,,,add060bd-6ba2-47f2-bee5-b5364520fd36,,#N/A,,,,,,,#N/A
1128,Massangena,3,1118,,,,,b6da2922-fdea-43aa-9ae3-b41cb7be8398,,Massangena,,,,,,,53218b2f-c0d0-44cc-8100-11d54c372a7f
1129,Massingir,3,1118,,,,,a46e7ffe-be83-4f1c-84a3-420494538a01,,Massingir,,,,,,,05540e9f-36e0-496c-ab2e-d1f95c68a3b8
1130,Inhambane,2,1107,,,,,a610e31a-c41f-44ad-b97a-ebf98774511a,3194,Inhambane,10,1734,,,,,8d62c957-6065-4fb0-9757-231aec77f08a
1131,Cidade de Inhambane,3,1130,,,,,42dd3d3f-a5ad-4c8d-92a0-8c114a3e5ef3,,CIDADE DE INHAMBANE,,,,,,,c3e62e8c-d021-4930-ac46-a06291dec88a
1132,Funhalouro,3,1130,,,,,2faffe6a-8b46-4f14-9506-47c7d72428d7,,Funhalouro,,,,,,,68374b54-2751-4f06-b977-965903c23eec
1132,Funhalouro,3,1130,,,,,2faffe6a-8b46-4f14-9506-47c7d72428d7,,Funhalouro,,,,,,,68374b54-2751-4f06-b977-965903c23eec
1133,Govuro,3,1130,,,,,9209184f-867b-43c1-9879-d62731a7e176,,Govuro,,,,,,,fac2e76f-a0a5-4f15-a9b8-99e21d928455
1134,Homoine,3,1130,,,,,982af58a-cf88-4f5a-a6af-7bf59d5a95e1,,Homoine,,,,,,,40dc1ed6-3d1c-4a2c-8977-5211c84d6947
1135,Inharrime,3,1130,,,,,bf3ced08-32f4-461f-9b42-eb2fb2aea9ea,,Inharrime,,,,,,,779b30aa-bff1-4e3f-b87f-1436cf8e66c7
1136,Inhassoro,3,1130,,,,,d7583d47-95b0-48c0-b7a1-b4bb1f16fa0b,,Inhassoro,,,,,,,03978c43-36c9-4c14-ab1b-e311fb2ef39f
1137,Jangamo,3,1130,,,,,a6d9f103-fe80-457e-9fa7-1b967f1bc9e3,,Jangamo,,,,,,,2c9b2fdd-f77c-42d4-8143-60f488d4c901
1138,Mabote,3,1130,,,,,f6653968-ac87-4697-b886-09b8410a08ed,,Mabote,,,,,,,b27c9289-e465-46d2-b94f-79393212e60f
1139,Massinga,3,1130,,,,,7d997ea2-da98-4b25-b515-c40c297a5d15,,Massinga,,,,,,,bfa43fed-0553-42fe-a599-0c80a0cd5458
1140,Maxixe,3,1130,,,,,f90f753a-d636-47ab-85ff-3a77061690a9,,Maxixe,,,,,,,bb889e87-3ee4-4345-9302-9f73eac6f6ce
1141,Morrumbene,3,1130,,,,,282e97f7-50f5-4972-af14-e7f9ba17426d,,MORRUMBENE,,,,,,,b6d020fe-0f65-4148-af11-42963974284d
1142,Panda,3,1130,,,,,70dd312d-2bab-405e-8d53-542fa7c9e893,,Panda,,,,,,,b9fb1ffb-6a1e-4f60-978b-c25a3f9307aa
1143,Vilankulos,3,1130,,,,,36db44d8-e1fb-431b-9f4a-cddecd90ec01,,VILANKULOS,,,,,,,79f06679-04e4-487d-8200-1e5c37ed7df9
1144,Sofala,2,1107,,,,,a41f5e7b-bf9e-4f66-a77b-6cc47c20ddbf,2161,Sofala,10,1734,,,,,e0e46f94-265d-40bc-bfd3-0c01c3e8c207
1145,Beira,3,1144,,,,,14036557-df46-4b9a-8d48-4a7fc6902e7f,,Beira,,,,,,,bd26c7c6-f5cd-4018-b50f-2fe31b7eb3a6
1146,Buzi,3,1144,,,,,0f24b5eb-4627-4050-a872-35c9333b9480,,Buzi,,,,,,,4090ca90-2491-4bb1-8e67-b857022a2b4d
1147,Caia,3,1144,,,,,a5596214-13e2-4400-930b-4f260eeecabf,,Caia,,,,,,,ac1bd171-498c-404f-a355-fa196d18a248
1148,Chemba,3,1144,,,,,fa3ccda5-4a02-42e8-bc8c-b07fea2793de,,Chemba,,,,,,,3c11293f-bb0b-4c87-b44a-50a2c2904dd8
1149,Cheringoma,3,1144,,,,,b865abe2-167a-4a1f-828a-8b90440343ec,,Cheringoma,,,,,,,efbc6af2-7966-4fbd-b2d9-9746fba54e80
1150,Chibabava,3,1144,,,,,a0c48f0d-3c0d-4325-975e-e800fa1e1da6,,Chibabava,,,,,,,a5385bd8-5b0c-4bc2-8951-4e1444e6c118
1150,Chibabava,3,1144,,,,,a0c48f0d-3c0d-4325-975e-e800fa1e1da6,,Chibabava,,,,,,,a5385bd8-5b0c-4bc2-8951-4e1444e6c118
1151,Dondo,3,1144,,,,,88d1db12-a312-43b1-86dc-39511fd2c221,,Dondo,,,,,,,90391dcd-b2d7-46cb-94a8-01c8dcbdb995
1151,Dondo,3,1144,,,,,88d1db12-a312-43b1-86dc-39511fd2c221,,Dondo,,,,,,,90391dcd-b2d7-46cb-94a8-01c8dcbdb995
1152,Gorongosa,3,1144,,,,,8c75ac10-62a2-4458-bbf6-8dd713e372da,,Gorongosa,,,,,,,59c794b8-5dbb-48f6-8b9d-1f5bc5644534
1153,Machanga,3,1144,,,,,4c81d07f-6517-4975-a2ae-0c036c9ae827,,Machanga,,,,,,,92335b19-216d-4b8a-89a7-a1df81e3eb73
1153,Machanga,3,1144,,,,,4c81d07f-6517-4975-a2ae-0c036c9ae827,,Machanga,,,,,,,92335b19-216d-4b8a-89a7-a1df81e3eb73
1154,Maringue,3,1144,,,,,6b6742d3-d6cd-4abc-aa03-f9a0e54e8638,,Maringue,,,,,,,88be46fc-7199-4bcd-9a92-524c1ca9c434
1155,Marromeu,3,1144,,,,,9c726fad-6395-42b7-b5f4-c6778ddf620e,,Marromeu,,,,,,,e6aa9595-65c2-4a6f-a437-646b47ab83ec
1156,Muanza,3,1144,,,,,b0134a1a-9f73-4e6d-bbdf-905169176722,,Muanza,,,,,,,7fe7cb79-8695-454a-a12e-1d0ee54a229a
1157,Nhamatanda,3,1144,,,,,16afd5ba-3a18-42bb-bbec-e2280a33f76a,,Nhamatanda,,,,,,,ec23fda8-713d-49d5-8199-cf7c4b1c4bd7
1158,Manica,2,1107,,,,,4c7e6a17-b556-48a6-ac3f-6bec46b4f030,2017,Manica,10,1734,,,,,4c1306ce-6e2e-48aa-89a8-fc94f48606a4
1159,Chimoio,3,1158,,,,,5cf1a005-b1af-42f8-8e74-5350b48b7860,,#N/A,,,,,,,#N/A
1160,Barue,3,1158,,,,,28ffecb8-2cdc-4f11-8421-7f2b62a8a663,,Barue,,,,,,,261cd740-8114-4da3-8687-c14024cebd91
1161,Gondola,3,1158,,,,,982e350d-d4ef-42ef-b48c-fe4aeafd5df2,,Gondola,,,,,,,b85f90db-0fd5-4159-8850-f73ea27ccaec
1161,Gondola,3,1158,,,,,982e350d-d4ef-42ef-b48c-fe4aeafd5df2,,Gondola,,,,,,,b85f90db-0fd5-4159-8850-f73ea27ccaec
1162,Guro,3,1158,,,,,bde91702-639d-4486-a505-a9268fdb9bcf,,Guro,,,,,,,85482543-305e-4b33-8c32-316218603c79
1163,Machaze,3,1158,,,,,062627e7-4d2f-42d4-9f87-df8ae7175b6a,,Machaze,,,,,,,5a78ab33-c85e-4bf2-b003-edafe7d03423
1164,Macossa,3,1158,,,,,dd0a0373-f06e-451e-adec-28cb224799dc,,Macossa,,,,,,,cbd733d3-c388-4651-b0e4-6b8184ed353a
1165,Manica,3,1158,,,,,fc5fecfb-8502-4354-a30d-730a8727ec60,,Manica,,,,,,,4c1306ce-6e2e-48aa-89a8-fc94f48606a4
1166,Mossurize,3,1158,,,,,1bd1fa54-d10d-4014-8334-28aeb2108f0b,,Mossurize,,,,,,,9bf7202d-9885-4533-885f-a5153c9d36bc
1167,Sussundenga,3,1158,,,,,31857c96-07f5-44d5-a120-fd3894c4d93c,,Sussundenga,,,,,,,62f310c8-04f5-4ce1-aa34-98fe289f30b1
1168,Tambara,3,1158,,,,,6d204bbe-9ba4-47b0-b1b4-798b40712206,,Tambara,,,,,,,395f9684-483d-4467-bf76-dcf169cd6684
1169,Tete,2,1107,,,,,234e7d8a-5edc-46d7-8f77-92952680d080,2321,Tete,10,1734,,,,,fa974832-43ba-4bdf-b512-d3300bbbd67a
1170,Cidade de Tete,3,1169,,,,,e8e6ac99-fb1a-4702-bf22-51882fb1a8e6,,CIDADE DE TETE,,,,,,,f9b1f06c-8b97-41ab-8d26-fbfe1de1e8bb
1171,Angonia,3,1169,,,,,36ce1ae5-83b9-4270-95d9-1e95aaf9cb31,2333,Angonia,11,2321,,,,,de40c9b8-6d14-471b-ae84-e559bf184721
1172,Ulongoe,4,1171,,,,,412eb5f3-79b5-47dc-b348-9d8ab50c174e,,#N/A,,,,,,,#N/A
1173,Kalomwe,5,1172,,,,,864aa1bf-3dfa-42d8-90e3-081d5409f83a,,#N/A,,,,,,,#N/A
1174,Chimwala,5,1172,,,,,2148980c-c20e-490c-a80b-257c741f252d,,Chimwala,,,,,,,aad7c448-e812-4c54-9910-02b52a58c324
1175,Dzunga,5,1172,,,,,9756aa50-5cc3-4c1d-b60d-85a207225bd9,,Dzunga,,,,,,,0b860b51-f266-47e1-82ee-ea1c690a48d5
1176,Mangane,5,1172,,,,,550c07ee-900b-4ae3-9a52-e41dee12c131,,#N/A,,,,,,,#N/A
1177,Mawonekera,5,1172,,,,,82c6363a-4dd4-4cb1-9407-939560e275ce,,#N/A,,,,,,,#N/A
1178,Namigonha,5,1172,,,,,1a59ad80-03e2-4e59-a34c-d5594dbbb569,,Namigonha,,,,,,,44caa0e0-e52b-4c71-8a48-e329b8f9468e
1178,Namigonha,5,1172,,,,,1a59ad80-03e2-4e59-a34c-d5594dbbb569,,Namigonha,,,,,,,44caa0e0-e52b-4c71-8a48-e329b8f9468e
1178,Namigonha,5,1172,,,,,1a59ad80-03e2-4e59-a34c-d5594dbbb569,,Namigonha,,,,,,,44caa0e0-e52b-4c71-8a48-e329b8f9468e
1178,Namigonha,5,1172,,,,,1a59ad80-03e2-4e59-a34c-d5594dbbb569,,Namigonha,,,,,,,44caa0e0-e52b-4c71-8a48-e329b8f9468e
1179,Domue,4,1171,,,,,3de279b9-d561-4909-838b-e0afdaf98d4c,,Domue,,,,,,,64cfc758-4b59-461d-9241-7aea82ed4a4c
1180,Domue-sede,5,1179,,,,,536151e3-0f0f-43b2-8c44-38fd34a3608a,,Domue-Sede,,,,,,,52bf7de8-3148-4f3e-b1a3-8d2e24b9e337
1181,Bonga,5,1179,,,,,6c8d96a6-bccb-49f7-8f53-6516a6fe4405,,#N/A,,,,,,,#N/A
1182,Catondo,5,1179,,,,,289205cb-037e-4c4b-a073-f2b5f2acbd7a,,#N/A,,,,,,,#N/A
1183,Camphessa,5,1179,,,,,5c22ef24-0fab-4d27-a80d-4230f7e86900,,#N/A,,,,,,,#N/A
1184,Chifumbe,5,1179,,,,,6ece2a8e-94b9-432e-9669-9a87f8698382,,Chifumbe,,,,,,,1344fc1e-de49-4f75-a951-21dc14cfac3a
1185,Khombe,5,1179,,,,,e97eee3d-8c70-4062-87a8-b90fd08b6554,,#N/A,,,,,,,#N/A
1186,Liranga,5,1179,,,,,2e9ed07f-edf7-48cc-b79c-9a5ffb44b6d7,,#N/A,,,,,,,#N/A
1187,Mpandula,5,1179,,,,,d7056636-da20-4a38-a0a4-1775e06224ba,,#N/A,,,,,,,#N/A
1188,Ndaula,5,1179,,,,,b00e68c7-b842-408c-a034-e6d4766f79d6,,Ndaula,,,,,,,8580f383-f32f-4de1-b407-5a7ef4a4157f
1189,Nkhame,5,1179,,,,,d1c6f960-e726-4a70-97e7-212aa711d846,,Nkhame,,,,,,,4e4141a8-92ec-4f00-98a2-f3b34e1eb384
1190,Seze,5,1179,,,,,289e86a8-7537-4ed6-bbc1-5ac74bdfacff,,Seze,,,,,,,ee086622-a5d8-4714-b833-2f561417b624
1191,Cahora Bassa,3,1169,,,,,38788833-1e24-4e36-8e15-a21365ef804c,,CAHORA BASSA,,,,,,,355363ad-b360-4460-b13c-7a1550adeaf0
1192,Songo,4,1191,,,,,99976c9a-b048-420b-8fd3-031ca1aafb8b,,Songo,,,,,,,6558e09b-06d4-4156-9b8d-27b967d64ad5
1193,Songo-sede,5,1192,,,,,032fb66b-1dc2-4fbe-a51b-b24ab1fe9d14,,#N/A,,,,,,,#N/A
1194,Dzunsa,5,1192,,,,,8b196aaf-928e-4efd-a18a-d31480eeed38,,Dzunsa,,,,,,,58fa6638-030a-4563-aedc-00028a50aba8
1195,Chitholo,4,1191,,,,,c9efe383-e569-4dcd-a9ec-65046eba9685,,#N/A,,,,,,,#N/A
1196,Chitholo-sede,5,1195,,,,,e381c090-0806-4beb-9f3d-a37224bc9f63,,#N/A,,,,,,,#N/A
1197,Mulinje,5,1195,,,,,02ee61c9-1338-4acb-935f-ee269e5c24bd,,#N/A,,,,,,,#N/A
1198,Chitima,4,1191,,,,,19772f91-30fd-4400-90e4-d15d1c541a4a,,Chitima,,,,,,,bea96d0f-c9f5-4216-adba-8511125978cb
1199,Chitima-sede,5,1198,,,,,1296d09e-1764-4ee0-88ad-ce812464c454,,Chitima-Sede,,,,,,,b502dd22-c2e3-422b-a590-df7fba2af169
1200,Chibagadigo,5,1198,,,,,531a6b0b-6d1b-48cc-964e-5dfb08c64d40,,Chibagadigo,,,,,,,a9cf608c-2119-4b4d-b6da-f470bf7f2dc5
1201,Chicoa-nova,5,1198,,,,,f3661152-d4e8-48c7-a93a-465efbbcea85,,Chicoa-Nova,,,,,,,46192f0b-9113-456f-9d8e-1bca3119fdd9
1202,Nhabando,5,1198,,,,,be1e7c3e-0f75-49cc-b985-763cf366aea8,,#N/A,,,,,,,#N/A
1203,Nhacapirere,5,1198,,,,,84a91db8-b802-44c1-86ea-35b00e0baec0,,#N/A,,,,,,,#N/A
1204,Changara,3,1169,,,,,a94f1148-625d-4664-bb8e-55bcdd905c80,,Changara,,,,,,,4b358f36-81aa-4e32-a495-d8606217069a
1205,Luenha,4,1204,,,,,0eaf130e-2766-4d3a-afa1-03ab94127a8d,,Luenha,,,,,,,c19c7776-d32a-4cf9-a8f7-156aa3df093b
1206,Luenha-sede,5,1205,,,,,53cd914e-3c00-47b3-aa9d-ef1c5e7187e4,,#N/A,,,,,,,#N/A
1207,Dzunga,5,1205,,,,,ec896a52-d1e7-4109-be93-2ded41380eeb,,Dzunga,,,,,,,0b860b51-f266-47e1-82ee-ea1c690a48d5
1208,Nhautenga,5,1205,,,,,23e31dde-eca6-428d-a0bf-735b8a4636de,,#N/A,,,,,,,#N/A
1209,Chioco,4,1204,,,,,7049dabb-8e5e-4061-9fe3-198aea5f6f0f,,Chioco,,,,,,,e5044ed9-2736-44eb-bca3-99616f6e0bc9
1210,Mazue,5,1209,,,,,fa304649-1919-4f0a-9cca-5fa303115533,,#N/A,,,,,,,#N/A
1211,Chipembere,5,1209,,,,,95b24f59-c4cc-4032-9dd2-0aea3120cfb0,,Chipembere,,,,,,,08dc1446-512c-4e72-b5cd-04e5ef29f1ac
1212,Nchenga,5,1209,,,,,2131345b-a774-48c9-8d62-69d4fd8cab6e,,#N/A,,,,,,,#N/A
1213,Mavara,4,1204,,,,,7fe5bb6f-267d-4310-ba13-d094d1772d87,,#N/A,,,,,,,#N/A
1214,Baruma,5,1213,,,,,4b5cacad-f0fa-41d0-8d79-58590231907b,,#N/A,,,,,,,#N/A
1215,Cachembe,5,1213,,,,,32c262bb-5220-4282-a55d-c7ca9860791f,,Cachembe,,,,,,,4d63d67b-9433-4f46-9296-18dc5e900962
1216,Mufa-conde,5,1213,,,,,6431a7b7-8766-4647-aeb5-427e5ff0aa54,,#N/A,,,,,,,#N/A
1217,Chifunde,3,1169,,,,,e9c1df16-1fbb-4201-8148-5d6deabf486c,,Chifunde,,,,,,,379709af-ad47-42e9-b1cb-15cdbdb55e2d
1218,Chifunde,4,1217,,,,,736b5faa-0d87-4602-9bb8-696ff132def9,,Chifunde,,,,,,,379709af-ad47-42e9-b1cb-15cdbdb55e2d
1219,Chifunde-sede,5,1218,,,,,2d6bc5c0-15da-4772-bd26-7e76fd5cca2e,,Chifunde-Sede,,,,,,,127fcc80-38ef-4acc-99c2-98cb32fc92dd
1220,Camwenge,5,1218,,,,,26b6d0d0-83b1-450d-b052-3fae59f88156,,#N/A,,,,,,,#N/A
1221,Tsacale,5,1218,,,,,40e6ce43-032a-4845-9751-2e683395adae,,Tsacale,,,,,,,50a5ed83-0a3c-4250-80fb-c7f5b0d648f4
1222,Mualadzi,4,1217,,,,,d465cf8a-94c1-4783-bc37-91f7c21810f1,,Mualadzi,,,,,,,3b451f86-0819-4df0-8477-d43bb7da70bc
1223,Mualadzi-sede,5,1222,,,,,0061b0b4-72ec-4764-b803-c4d9e127c006,,Mualadzi-Sede,,,,,,,cc15d516-ca96-4501-b600-a5d805faab8c
1224,Bolimo,5,1222,,,,,58687954-7f9e-4b88-ba44-0da29cbaba61,,#N/A,,,,,,,#N/A
1225,Nsadzo,4,1217,,,,,e4c6a9f8-77a8-4ccd-99ec-ee6eac51fb8a,,#N/A,,,,,,,#N/A
1226,Nsadzo-sede,5,1225,,,,,802a5e7b-672d-4db4-a72c-e6373dc0b221,,#N/A,,,,,,,#N/A
1227,Angombe,5,1225,,,,,33623007-f0c3-44cd-a7cd-f26dcad3b554,,Angombe,,,,,,,9fc3be4e-0524-49e0-9d10-3007c584c92e
1228,Chiuta,3,1169,,,,,56360e32-739f-44ac-a846-e4dcc26f0061,,Chiuta,,,,,,,08cd499b-a64a-4745-b478-e08c359707a8
1228,Chiuta,3,1169,,,,,56360e32-739f-44ac-a846-e4dcc26f0061,,Chiuta,,,,,,,08cd499b-a64a-4745-b478-e08c359707a8
1228,Chiuta,3,1169,,,,,56360e32-739f-44ac-a846-e4dcc26f0061,,Chiuta,,,,,,,08cd499b-a64a-4745-b478-e08c359707a8
1229,Kazula,4,1228,,,,,abd7ce10-30c0-4436-a193-5fb8a73281c3,,Kazula,,,,,,,6c426a66-d0af-4f59-ba79-437efee3f865
1230,Kazula-sede,5,1229,,,,,80808547-45ae-43a9-8a9c-69382cc2e1f9,,Kazula-Sede,,,,,,,b153f5de-49fb-4df6-9ca4-db5838011a78
1231,Chipiri,5,1229,,,,,18abaffc-bbd1-4c0e-a003-1e987c635ce7,,Chipiri,,,,,,,1ae52b49-013d-48ef-87f7-66de4e0c90dc
1232,Matenje,5,1229,,,,,98c49691-c932-4744-8e64-aef76b064435,,Matenje,,,,,,,a2910c8e-eb3f-4b8f-8fb6-b25d66fedc64
1233,Muchena,5,1229,,,,,5295b098-49a0-4cc6-80d7-89607da4b444,,#N/A,,,,,,,#N/A
1234,Manje,4,1228,,,,,b131f0ee-cdff-4c6b-8dd3-7ffacbccf3f2,,Manje,,,,,,,b3301f45-e46d-43c4-a799-3f31d8871da8
1235,Manje-sede,5,1234,,,,,5141ba19-c8f8-4b6b-9074-c3140b943a79,,Manje-Sede,,,,,,,ac60c3a7-d704-47cc-af17-514bd525182a
1236,Caunda,5,1234,,,,,3aec8a8e-88dd-4b51-b6eb-1817ef6e1fd7,,#N/A,,,,,,,#N/A
1237,Lumadzi,5,1234,,,,,ff25b4ed-0501-4d07-b395-05b42d0085c9,,#N/A,,,,,,,#N/A
1238,Nfigo,5,1234,,,,,c7ba8c31-0c53-43fa-8f76-3d7ca2a1c3d5,,Nfigo,,,,,,,668e153d-607d-4b57-b946-32c25708197c
1239,Macanga,3,1169,,,,,563b7e6f-282e-4d22-b22e-506b2db85552,,Macanga,,,,,,,f5fcd169-7b38-4dff-9e3c-eb5291372b17
1240,Furancungo,4,1239,,,,,2d99fc7b-f9fb-4091-9734-aa75d3f0d039,,Furancungo,,,,,,,08159490-507f-46cd-a252-fdb5cfa08ae6
1241,Furancungo-sede,5,1240,,,,,df00af00-7abb-46ac-a857-4f78caa38df5,,Furancungo-Sede,,,,,,,1fe83e9c-5eff-4375-8c96-7f1062829a7f
1242,Kassumpe,5,1240,,,,,429570fd-960b-4a00-859e-55145cb30926,,#N/A,,,,,,,#N/A
1243,Gandale,5,1240,,,,,fbcdf8d8-cf08-42f1-87f1-d7e4988d19f8,,#N/A,,,,,,,#N/A
1244,Nhamadende,5,1240,,,,,8273cc18-8e6c-4fed-a5c3-9f3d5994d567,,#N/A,,,,,,,#N/A
1245,Chidzolomondo,4,1239,,,,,5f4468f3-2d85-4aca-83df-86d8089d63bd,,Chidzolomondo,,,,,,,ae405a4d-0213-492e-9ba0-d15dfe6089f5
1245,Chidzolomondo,4,1239,,,,,5f4468f3-2d85-4aca-83df-86d8089d63bd,,Chidzolomondo,,,,,,,ae405a4d-0213-492e-9ba0-d15dfe6089f5
1246,Chidzolomondo-sede,5,1245,,,,,a563507c-79e1-4de9-91f1-3782686e4723,,#N/A,,,,,,,#N/A
1247,Campala-Chidzolomondo,5,1245,,,,,21b75c93-cb17-4aa3-aa29-f20b6cb12475,,#N/A,,,,,,,#N/A
1248,Bawe,5,1245,,,,,18b3380c-379c-4961-90bb-2d92cfa20780,,Bawe,,,,,,,f35e261f-6e20-4705-ad0d-c38e28d7a206
1249,Magoe,3,1169,,,,,dde77f64-41cd-45a6-9dd9-9f49cb9e4a8b,,Magoe,,,,,,,3cd21c24-5e25-43b4-8a42-c001f21dd329
1250,Mapheende,4,1249,,,,,711d1e29-8c89-486f-81d9-87bfb2b6b0f1,,#N/A,,,,,,,#N/A
1251,Mapheende-sede,5,1250,,,,,f35ca3f6-7b2d-4914-a0dc-3dd35580c091,,#N/A,,,,,,,#N/A
1252,Daque,5,1250,,,,,7a1f28bd-b9e2-4f7f-9bc0-34f8e2a46eda,,Daque,,,,,,,be652cb2-5b83-49c7-8963-1b15453daa50
1253,Chinhopo,4,1249,,,,,7fdfcb80-9783-4da6-8dc4-26bf78c8e931,,#N/A,,,,,,,#N/A
1254,Chinhopo-sede,5,1253,,,,,f3aa5f69-45ce-4c54-a83f-3a685f7bc14c,,#N/A,,,,,,,#N/A
1255,Chitete,5,1253,,,,,3d36bbee-a2a5-4515-99b9-a245443f56c2,,Chitete,,,,,,,c8b46dfc-26db-4912-9cfb-1976edc7079b
1256,Mussenguezi,5,1253,,,,,ebaa4e47-7891-4cc4-a546-8083d41a3350,,Mussenguezi,,,,,,,7bfd3ce6-6123-4b74-b529-006141baf12c
1257,Mukumbura,4,1249,,,,,4530bd77-9793-4705-b4ef-20a90a190952,,Mukumbura,,,,,,,30867739-a9b0-4874-aeb5-3343be63a014
1258,Mukumbura-sede,5,1257,,,,,d5eed91e-6a95-4527-9308-0d8b897afa7f,,#N/A,,,,,,,#N/A
1259,Maravia,3,1169,,,,,f3c82b75-2e9e-42d4-981c-f754ba34e94b,,Maravia,,,,,,,8a4d920b-ac09-43cf-a780-9d92b66552f6
1260,Chiputo,4,1259,,,,,56317b33-b927-41e0-afdf-a96d1dbd960c,,Chiputo,,,,,,,c46d45f2-4671-4bc7-a655-087204e492b5
1261,Chiputo-sede,5,1260,,,,,07bd641a-a14d-48e1-b2ae-44109fae38ba,,#N/A,,,,,,,#N/A
1262,Chizane,5,1260,,,,,c1ab1685-a794-4f73-a615-ddc0e358a50c,,#N/A,,,,,,,#N/A
1263,Chipungo,5,1260,,,,,ccdd46e8-d604-4241-b31d-85b46cb6c76a,,#N/A,,,,,,,#N/A
1264,Fingoe,4,1259,,,,,85e3fc5a-e80b-439a-9850-15dde703f6d1,,Fingoe,,,,,,,e2801d3c-5657-466f-adf9-f22f14e24ee1
1264,Fingoe,4,1259,,,,,85e3fc5a-e80b-439a-9850-15dde703f6d1,,Fingoe,,,,,,,e2801d3c-5657-466f-adf9-f22f14e24ee1
1265,Fingoe-sede,5,1264,,,,,e0c0895a-bc0f-4e64-b729-911108372ff9,,#N/A,,,,,,,#N/A
1266,Mazeze,5,1264,,,,,2a11d830-7fcb-41f8-ac81-28e1b1e4c259,,Mazeze,,,,,,,6bca2b06-464a-45e4-bb80-38eb59cde1fd
1267,Nhenda,5,1264,,,,,4e485f54-a7ad-4b7a-8b87-05d4c0d9bdd4,,Nhenda,,,,,,,0470caaa-c345-46bc-9d8f-3f994100bf8c
1268,Molowera,4,1259,,,,,214f64f1-3e10-4433-8a11-1c0c591fc782,,#N/A,,,,,,,#N/A
1269,Molowera-sede,5,1268,,,,,da270962-3340-40db-82b2-50fc28ca290d,,#N/A,,,,,,,#N/A
1270,Cassuende,5,1268,,,,,d1949eef-bbdb-48e3-9427-e4121739562e,,#N/A,,,,,,,#N/A
1271,Nhacanha,5,1268,,,,,b29e8add-4615-4c42-aec3-0c5620bd90da,,#N/A,,,,,,,#N/A
1272,Chipera,4,1259,,,,,35ad086e-7a44-4e19-8ecd-8eb53f48ce64,,Chipera,,,,,,,83168ff6-c58e-4229-b803-e65347e654eb
1273,Chipera-sede,5,1272,,,,,a1e304e9-1cad-4315-b251-14f3b61abb27,,#N/A,,,,,,,#N/A
1274,Chissete,5,1272,,,,,89893116-151d-4f0d-848a-2058f26a5ad2,,Chissete,,,,,,,320e6923-0477-4c70-b840-84005b400f0b
1275,Ntayansupa,5,1272,,,,,db9e5247-33ee-47e0-818e-7822b209e2ec,,Ntayansupa,,,,,,,6ee50eb4-d270-4e7b-97ae-f18062e14459
1276,Chiringa,5,1272,,,,,1349d2d7-8548-4fbb-ae5c-89aa956c1c9c,,Chiringa,,,,,,,1cd1b0f0-3fa8-4edb-8e32-a12c5f096591
1277,Moatize,3,1169,,,,,46064964-3fa6-46c0-8932-f224bb763b76,,Moatize,,,,,,,ed4cd254-f3f0-4231-aea8-d4b9cc1db6d4
1278,Moatize,4,1277,,,,,530cdb2e-f9af-4454-a8d0-1de0fe9191de,,Moatize,,,,,,,ed4cd254-f3f0-4231-aea8-d4b9cc1db6d4
1279,Moatize-sede,5,1278,,,,,25f452b1-8f87-49b2-ad5a-6d3288a078c8,,#N/A,,,,,,,#N/A
1280,Benga,5,1278,,,,,fa48d490-021b-474a-ad24-78a3d28e919a,,Benga,,,,,,,960cb959-341c-4b5a-a804-01e2e4ad67a0
1281,Npanzu,5,1278,,,,,9df933d7-c0b6-4fc6-80d5-aa085246a6cd,,#N/A,,,,,,,#N/A
1282,Msungo,5,1278,,,,,c69aae82-c869-459d-a13b-2f1257d57f9e,,#N/A,,,,,,,#N/A
1283,Kambulatsitsi,4,1277,,,,,70f5fec1-20ec-4b88-84c8-8d2c2a14f9c6,,#N/A,,,,,,,#N/A
1284,Kambulatsitsi-sede,5,1283,,,,,19c96426-510b-4867-865f-6da5a41c0a88,,#N/A,,,,,,,#N/A
1285,Mecungas,5,1283,,,,,7e296ee1-302a-4ce0-ab63-4e7dd4e99c43,,#N/A,,,,,,,#N/A
1286,Zobue,4,1277,,,,,bdbb82da-31c4-45c4-b4be-4a4c1e543144,,Zobue,,,,,,,ff84ca56-f68f-4019-ac06-d9b7023b40e8
1287,Zobue-sede,5,1286,,,,,39ac9d1d-991c-425c-adf5-70722b49b593,,#N/A,,,,,,,#N/A
1288,Capiridzanje,5,1286,,,,,1bb54153-3086-4367-801b-f6bcfcd7516c,,#N/A,,,,,,,#N/A
1289,Nkodeze,5,1286,,,,,785eda6b-bd18-4e64-b010-f3c0f847f55f,,#N/A,,,,,,,#N/A
1290,Mutarara,3,1169,,,,,31585b6a-af00-4074-9de1-b01a7016ca32,,Mutarara,,,,,,,acf10b73-7afb-43e4-be42-8274695025ae
1291,Nhamayabue,4,1290,,,,,41e8006d-2c36-4a61-b5d2-9a42aa501270,,Nhamayabue,,,,,,,b32fbded-8811-4812-844c-864c7f700825
1292,Nhamayabue-sede,5,1291,,,,,1440c8c8-e84b-4a82-b3cb-61ffe316f0cb,,#N/A,,,,,,,#N/A
1293,Singal,5,1291,,,,,461dd36a-748d-4bc5-9ad0-67c98ad87505,,#N/A,,,,,,,#N/A
1294,Chare,4,1290,,,,,1544410e-23ad-4865-9daa-75ee44b6e611,,#N/A,,,,,,,#N/A
1295,Chare-sede,5,1294,,,,,e77dba56-8948-4a65-b74e-bafb1cf8f00d,,#N/A,,,,,,,#N/A
1296,Vila Nova de Fronteira,5,1294,,,,,8a828b6d-6fd4-4a35-a04f-41d271cde258,,#N/A,,,,,,,#N/A
1297,Doa,4,1290,,,,,3f3d2e79-2367-4a69-8920-d6c4b444df5a,,Doa,,,,,,,73c0d3c4-2d22-41f6-a655-cce2f4e8f58b
1298,Doa-sede,5,1297,,,,,9fd925ca-6906-48f4-9f67-0f0e8dccd70c,,#N/A,,,,,,,#N/A
1299,Inhangoma,4,1290,,,,,91d1c3e5-b6f1-4a80-ba34-a145a0f31078,,Inhangoma,,,,,,,1c514b21-8a51-49f1-b260-08e913cad135
1300,Inhangoma-sede,5,1299,,,,,77bc0f9d-ef3b-49a5-b3e1-7debad35c0fa,,#N/A,,,,,,,#N/A
1301,Canhungue,5,1299,,,,,022c8857-58b5-4d80-8807-ce28e64ca2aa,,#N/A,,,,,,,#N/A
1302,Jardim (Kanumua),5,1299,,,,,b575deb7-7d75-47d5-8d51-c78153f6f9c5,,#N/A,,,,,,,#N/A
1303,Tsangano,3,1169,,,,,2a19b502-9909-42ac-aa01-4f9afdda457a,,Tsangano,,,,,,,3ebbf94b-6cff-455f-ad89-716257924505
1304,Ntengo-wambalane,4,1303,,,,,d7b5cf44-1c17-4c98-8dc5-b9f64ddcf366,,#N/A,,,,,,,#N/A
1305,Ntengo-wambalane-sede,5,1304,,,,,2b1d4623-2419-4340-9a24-5ee56e11fb6b,,#N/A,,,,,,,#N/A
1306,Banga,5,1304,,,,,96161081-00cf-481b-914e-d5d9152364e2,,#N/A,,,,,,,#N/A
1307,Tsangano sede,4,1303,,,,,55f91959-5686-4aad-a008-a843dfbec57a,,Tsangano Sede,,,,,,,187f998e-ff52-40d4-bc9a-abc65c63ec70
1308,Tsangano-sede,5,1307,,,,,5c6f3d59-8ad9-4712-b5c5-72aa5dfb63f0,,#N/A,,,,,,,#N/A
1309,Chiandame,5,1307,,,,,ffe7cea0-0a31-405b-bf05-41a9d6bab71c,,Chiandame,,,,,,,b1cc9116-0806-43c4-85ef-272c9dab8d9e
1310,Chivano,5,1307,,,,,e2168c71-8801-40c9-b54f-5572e491246e,,#N/A,,,,,,,#N/A
1311,Maconje,5,1307,,,,,50a906de-9179-4740-89bf-4613317b1b0e,,Maconje,,,,,,,3dafd373-f8ce-4dbe-8900-fe53ed48f922
1312,Zumbo,3,1169,,,,,73e9c126-07e3-4aec-aeef-82292034f388,,ZUMBO,,,,,,,f8a2336f-cf2f-409c-b1e4-ff5f19cc7a06
1313,Zumbo-Sede,4,1312,,,,,96caeadc-29c1-4526-a77f-940d703985cc,,#N/A,,,,,,,#N/A
1314,Zumbo-sede,5,1313,,,,,9c29a5d4-5aaf-429b-8426-bfe05c8b7e8a,,#N/A,,,,,,,#N/A
1315,Mirula,5,1313,,,,,db647f45-f3c4-47e4-b491-e5588caa17fa,,#N/A,,,,,,,#N/A
1316,Mukangadzi,5,1313,,,,,87bd0e44-1254-43b7-a809-4c6d4a4ed5f5,,#N/A,,,,,,,#N/A
1317,Muze,4,1312,,,,,5352f94d-4ec2-49fb-8d47-200fc1ea1789,,Muze,,,,,,,914c06a7-3b0f-4670-8c48-517d89159650
1318,Muze-sede,5,1317,,,,,76f5c2ad-81b4-4248-ba2a-0d6cfe8ef3af,,#N/A,,,,,,,#N/A
1319,Mazamba,5,1317,,,,,a953b5d9-3ea4-4745-b97c-8be5dcf0dea5,,Mazamba,,,,,,,f687e272-3826-45fa-9757-fa696dafbebc
1320,Minga,5,1317,,,,,64458dbc-4faa-4288-98ff-c96ddc4b373b,,Minga,,,,,,,c2d4de71-5a90-4a07-b9f2-e4ecd3c5a487
1321,Zambue,4,1312,,,,,72bffe22-371a-417f-84ac-be0f27a15d39,,Zambue,,,,,,,614d24cf-3238-4df4-bb02-80b811cf47f1
1322,Zambue-sede,5,1321,,,,,4c31f7a8-c0c6-4118-941c-a180a7681de8,,#N/A,,,,,,,#N/A
1323,Kasenga,5,1321,,,,,e3b80579-a4e3-4a40-a882-41290fb41611,,#N/A,,,,,,,#N/A
1324,Chaualo,5,1321,,,,,6c737ad7-dc75-469d-bbc6-eb41830a8e9f,,#N/A,,,,,,,#N/A
1325,Zambézia,2,1107,,,,,fb24258f-d0bb-43f1-9810-1271a9103f4f,1735,Zambezia,10,1734,,,,,1f89fd50-154c-4962-b835-71c316a4a9f2
1326,Quelimane,3,1325,,,,,3d211708-c6de-48a5-9e4f-e87a93415cf2,,Quelimane,,,,,,,1c5a7a0e-22d0-45ad-9899-ab965734891f
1327,Alto Molocue,3,1325,,,,,e2fe4e2f-4ac1-4f24-bdc7-73b8a64ab065,1744,Alto Molocue,11,1735,,,,,8e0b4068-5b2a-4d2c-aa26-30df9904897f
1328,Alto Molocue-Sede,4,1327,,,,,2f46af54-a0cb-446e-9d15-02400adc9d33,,#N/A,,,,,,,#N/A
1329,Vila de Alto Molocue,5,1328,,,,,2e3a7c72-5f39-4780-90a3-af8a5523e35a,,#N/A,,,,,,,#N/A
1330,Calaia,5,1328,,,,,3dd6200a-a51f-4a59-9bd3-ecfc608454c8,,#N/A,,,,,,,#N/A
1331,Chapala,5,1328,,,,,8ed62b4c-e68f-4673-83c9-44eb69ce0780,,Chapala,,,,,,,469841fa-8e42-428e-b48e-18e24ef390db
1332,Ecole,5,1328,,,,,20457b8d-d60f-4c4e-b4d3-214e7aefe847,,Ecole,,,,,,,9ab705e1-536e-4cbc-96fe-5592a0d6161b
1333,Malaua,5,1328,,,,,27153670-0485-4425-b1d1-898060e3994c,,#N/A,,,,,,,#N/A
1334,Mutala,5,1328,,,,,8607d8ca-f5c9-4cf9-a0af-0401f36110b3,,Mutala,,,,,,,a81e2e06-6044-4744-b98b-b7afd059fd5a
1335,Nacuacua,5,1328,,,,,7c1b093a-20d5-4fe8-9a49-9b13c18a798c,,#N/A,,,,,,,#N/A
1336,Nimala,5,1328,,,,,c177d9ce-8eb5-4ea9-a9b4-138483247224,,Nimala,,,,,,,59cca9e4-d343-487b-b599-c5790f997188
1337,Nivava,5,1328,,,,,4ea33bab-bc9f-41b0-93f2-b474fd1d3e33,,Nivava,,,,,,,3d6bf651-f232-4dfc-8da6-5881a2391360
1338,Novanana,5,1328,,,,,af4e9ae5-057f-4051-922d-cdce07d0a623,,Novanana,,,,,,,1662c2b5-4ce7-4b5d-b9f5-35fc378ce2e8
1339,Nauela,4,1327,,,,,56817f08-1846-412d-988e-25b5c4eccd67,,Nauela,,,,,,,638d7eab-dcb4-47b1-9368-872df5ede08c
1340,Mahiua,5,1339,,,,,1e383335-e770-4978-aa91-7ea6a22d2af2,,#N/A,,,,,,,#N/A
1341,Nauela-Sede,5,1339,,,,,ca95a7a2-d109-448a-8871-cd12afefd449,,#N/A,,,,,,,#N/A
1342,Chinde,3,1325,,,,,93c6c86b-42fd-45d0-a3d6-c824a1fa20a9,,Chinde,,,,,,,f1f8b506-998d-44c4-813c-f5c7851fe693
1343,Chinde-Sede,4,1342,,,,,b836d786-82e5-4560-8c09-e77bd57619fa,,#N/A,,,,,,,#N/A
1344,Matilde,5,1343,,,,,1b178045-34f3-400b-a873-b278bc6f336b,,Matilde,,,,,,,d40710a7-70bb-4367-b0f0-2cdd5c9642d7
1345,Mucuandaia,5,1343,,,,,4f324dd4-a6db-4f3f-ba73-1a82b3754f7a,,Mucuandaia,,,,,,,2aea976d-7899-4677-93e6-df751d2e0be1
1346,Pambane,5,1343,,,,,1278fc7b-e7e5-40b0-baa2-f7d9ebbc6a0c,,#N/A,,,,,,,#N/A
1347,Luabo,4,1342,,,,,473d30c1-28c0-4500-8136-296a596fd030,,Luabo,,,,,,,81168b8c-4ca4-432c-b857-123214f080fa
1348,Luabo-sede,5,1347,,,,,d3b16ea2-094b-4b65-b101-327c0aef54a6,,#N/A,,,,,,,#N/A
1349,Mangige,5,1347,,,,,4470325c-d629-4555-aa09-d139065ac5ce,,#N/A,,,,,,,#N/A
1350,Nzama,5,1347,,,,,3fd3ba4e-5112-4d43-bf9c-d6a52e54ab30,,Nzama,,,,,,,a8d46274-de3c-48cb-bb2e-58164235d024
1351,Rovuma,5,1347,,,,,356c377c-68dc-4766-8522-a9b0458585d8,,Rovuma,,,,,,,cbe55ecc-89ff-4534-ab9f-9c67fc2b5543
1352,Samora Machel,5,1347,,,,,f4e2cd43-217a-4c7e-a33f-46f6fb8c86f9,,Samora Machel,,,,,,,7c88258d-1737-45f2-a5ba-0943e30a25f9
1353,25 de Setembro,5,1347,,,,,3b9d83db-923b-4a33-ae9d-d72e3bedd68d,,25 De Setembro,,,,,,,1799a4fd-bc18-4c82-bbcb-e0ac2ebb7fb3
1354,Mecaune,4,1342,,,,,2073cbb4-ca49-46c3-9512-130377977b05,,#N/A,,,,,,,#N/A
1355,Arijuane,5,1354,,,,,a7dec8d0-981f-488f-a5fa-288be9eb6220,,Arijuane,,,,,,,49c2553f-e4a5-4573-9616-8c3156bad184
1356,Magaza,5,1354,,,,,fa5d294b-cb8a-4d5f-83e1-b77ce597bfbc,,Magaza,,,,,,,285ddc43-0991-4ec5-83af-9f2429a6f79c
1357,Mecaune-Sede,5,1354,,,,,79d7e181-baa2-41c2-8a8f-0f24ed3cb210,,#N/A,,,,,,,#N/A
1358,Mitange,5,1354,,,,,fd966057-14e8-4791-941d-6072849dfd6d,,Mitange,,,,,,,f2d6804c-6426-4f25-91fd-235243452942
1359,Nhamatamanga,5,1354,,,,,56f380de-da59-4cae-9157-d62870be6e1c,,#N/A,,,,,,,#N/A
1360,Gile,3,1325,,,,,e2d78e18-bba1-416c-acf7-3af786e07c09,,Gile,,,,,,,bb52a788-6ce8-43f2-b0db-b819cf34d0d9
1361,Gile-Sede,4,1360,,,,,eedbe881-5b57-461a-9149-8dd3faa28863,,#N/A,,,,,,,#N/A
1362,Vila de Gile,5,1361,,,,,b4dfeafd-a9c9-43fe-a07c-98b427af3ae0,,#N/A,,,,,,,#N/A
1363,Kaiane,5,1361,,,,,ba5d74bd-9d87-426f-bb6a-8999ab22e667,,#N/A,,,,,,,#N/A
1364,Mamala,5,1361,,,,,b6aa384e-149f-4641-87b7-e20a8b8565ad,,Mamala,,,,,,,4fb5b5c4-244b-482a-900a-ff41c6b05af6
1365,Manhope,5,1361,,,,,556e93b0-5d32-4105-b60d-95cbb454a74f,,#N/A,,,,,,,#N/A
1366,Moneia,5,1361,,,,,498edc30-1faf-47ea-9092-65fd6468b84e,,Moneia,,,,,,,cd80b06c-f2f8-4be1-a047-b3118f3289f3
1367,Naheche,5,1361,,,,,a3e9f462-89ce-463f-b2d0-fe07aaae3140,,Naheche,,,,,,,7b56b864-b338-4707-bc0b-74ac2c490aa4
1368,Uape,5,1361,,,,,7fd189d9-2a3e-409c-a9dd-fcb75075a856,,Uape,,,,,,,f508734f-f948-434b-b26f-9572a06d53a0
1369,Alto Ligonha,4,1360,,,,,ff8a5bcc-1677-4295-ab6d-4b96b218e676,,Alto Ligonha,,,,,,,08b110ab-cf6c-4750-8b78-09308871dfd1
1369,Alto Ligonha,4,1360,,,,,ff8a5bcc-1677-4295-ab6d-4b96b218e676,,Alto Ligonha,,,,,,,08b110ab-cf6c-4750-8b78-09308871dfd1
1370,Alto Ligonha-Sede,5,1369,,,,,1cb19316-396f-48ce-8aab-e1cc3695eb6e,,#N/A,,,,,,,#N/A
1371,Inxotcha,5,1369,,,,,c447912e-20e8-43ec-a397-aaad3ec8cb12,,#N/A,,,,,,,#N/A
1372,Mirali,5,1369,,,,,3b43e029-c819-4ea7-8229-71641a7fdb75,,#N/A,,,,,,,#N/A
1373,Muiane,5,1369,,,,,3f8bb177-d53f-465b-8ef6-1d9907682fbc,,Muiane,,,,,,,2b244670-6b57-40d3-854e-b3e235c485bb
1374,Namihali,5,1369,,,,,67c9baf1-52c2-47ff-8201-d58f0382b3bf,,#N/A,,,,,,,#N/A
1375,Namireco,5,1369,,,,,ac624bc1-f7be-4a29-a597-df89fbe7abaa,,#N/A,,,,,,,#N/A
1376,Pury,5,1369,,,,,542e43e9-a5f7-4707-ab43-98e8424ddc04,,Pury,,,,,,,07a2c10a-b855-462b-9b5d-5e49bc62a3b6
1377,Gurue,3,1325,,,,,26f55d41-d3d7-440c-97b8-40d82c99ecc6,,Gurue,,,,,,,6287fb03-60d5-44d5-9633-722fa735c1a1
1378,Lioma,4,1377,,,,,fe24888f-1197-4f45-b271-2604fdb8abe3,,Lioma,,,,,,,91d1d768-780e-4d85-9a1f-1db00697fb71
1379,Lioma-Sede,5,1378,,,,,8f776679-c8da-46ee-8665-859f7ef2fbb0,,#N/A,,,,,,,#N/A
1380,Magige,5,1378,,,,,af3c702e-3fd3-4b03-9813-06791b3d41d3,,Magige,,,,,,,3c3211ee-de18-4b7f-a2e8-06029e5d16d7
1381,Nintulo,5,1378,,,,,9e38aee8-1f96-4b4f-a42d-c2e20e22dea6,,Nintulo,,,,,,,bb999a8b-57fe-47a4-b68c-67512884241d
1382,Mualijane,5,1378,,,,,cb32f291-6838-4dbc-aacc-19013fec2d86,,Mualijane,,,,,,,faffc960-5614-4382-b64e-a88b72784878
1383,Tetete,5,1378,,,,,e7281f37-6018-480d-935c-0e8c41a0ff80,,Tetete,,,,,,,b7df4d8a-2668-446e-a769-e2bf0a84abd3
1384,Mepuagiua,4,1377,,,,,57fdca64-6a9d-4dc9-9d37-527b4f9832a0,,Mepuagiua,,,,,,,7a35406c-32dc-43ee-8683-18bc8120934d
1385,Mepuagiua-sede,5,1384,,,,,8d3760c3-2e72-4078-b986-2e03f8147798,,#N/A,,,,,,,#N/A
1386,Incize,5,1384,,,,,2097483a-d9d9-44bf-b5d2-20df75549e34,,Incize,,,,,,,9d7e6bb6-fde6-4db6-8914-d11a02a74011
1387,Nicoropale,5,1384,,,,,7c2af2be-41eb-478c-84f0-36b69e42d103,,#N/A,,,,,,,#N/A
1388,Nipive,5,1384,,,,,e4cf7e06-bf2f-4e01-a4eb-dbc29a7bb598,,Nipive,,,,,,,bd9c61df-e014-4e54-8f74-5a54dca5deaf
1389,Mugaveia,5,1384,,,,,a0cfae92-cef9-4064-9f07-828a2a72ab63,,Mugaveia,,,,,,,f877c5e7-27d1-4d24-b58c-62901a5e69ba
1390,Ile,3,1325,,,,,986a04f9-a624-405d-8019-e772890bd55a,,Ile,,,,,,,12a76e22-6f15-40d8-87b3-d1de58194947
1391,Ile-Sede,4,1390,,,,,c57bd4c7-518d-4680-ad5c-2f47d167322d,,#N/A,,,,,,,#N/A
1392,Mugulama-Hatxue,5,1391,,,,,7dc9af03-80c3-4a62-bb4b-d22371da5b73,,#N/A,,,,,,,#N/A
1393,Namanda,5,1391,,,,,393ef2a2-0cd5-49b2-8032-d88de5993689,,Namanda,,,,,,,9689d48e-4203-401c-a0ea-b19d4990ac68
1394,Nampevo,5,1391,,,,,fe6a53dd-5af8-4623-b114-b4696d3ad3c3,,Nampevo,,,,,,,21a3f335-189b-490a-b05a-49c0d2445fd4
1395,Nipiode,5,1391,,,,,70f77020-6385-4ed5-9d73-d618d34f0412,,Nipiode,,,,,,,7b8731d9-d2b5-47c5-95c1-13215de65e6c
1396,Palane-Vieriva,5,1391,,,,,7eb870e3-d234-4bb1-a4ea-ca888f140f83,,#N/A,,,,,,,#N/A
1397,Mulevala,4,1390,,,,,c1122f08-c92f-4687-8cea-55d476d3957b,,Mulevala,,,,,,,f5036f65-b4bf-49cd-84f0-4424068fa8a8
1398,Micalane,5,1397,,,,,fa6da443-faa1-4965-afb3-829746f081d7,,Micalane,,,,,,,ea6f5c16-7f75-457f-8a57-db80abdd7845
1399,Mucata,5,1397,,,,,96571574-d73f-4b83-b051-0773cc761c22,,#N/A,,,,,,,#N/A
1400,Namigonha,5,1397,,,,,24b4c37b-0cd0-4878-9013-c4e291aec225,,Namigonha,,,,,,,44caa0e0-e52b-4c71-8a48-e329b8f9468e
1400,Namigonha,5,1397,,,,,24b4c37b-0cd0-4878-9013-c4e291aec225,,Namigonha,,,,,,,44caa0e0-e52b-4c71-8a48-e329b8f9468e
1400,Namigonha,5,1397,,,,,24b4c37b-0cd0-4878-9013-c4e291aec225,,Namigonha,,,,,,,44caa0e0-e52b-4c71-8a48-e329b8f9468e
1400,Namigonha,5,1397,,,,,24b4c37b-0cd0-4878-9013-c4e291aec225,,Namigonha,,,,,,,44caa0e0-e52b-4c71-8a48-e329b8f9468e
1401,Ruge,5,1397,,,,,7382b4d8-7eeb-42cc-818c-a220b9faf2a5,,Ruge,,,,,,,e8d4da17-f863-4cf3-be8e-360a82a5e35a
1402,Tebo,5,1397,,,,,8cfbaa83-d07d-4853-859a-f15b4ceceedc,,Tebo,,,,,,,6e91e32b-77de-45f6-9f58-6840b31298e0
1403,Socone,4,1390,,,,,cfa526a2-e6a3-4c15-812d-22ff316ac627,,Socone,,,,,,,1d98e497-14f5-4c1f-b990-7ce7a5311a7b
1404,Socone-sede,5,1403,,,,,1b4e6d05-b845-42b3-a6aa-b713801477b7,,#N/A,,,,,,,#N/A
1405,Curruane(Macopola),5,1403,,,,,4889ee4b-8d38-449e-ab3b-b43c27accda2,,#N/A,,,,,,,#N/A
1406,Inhassunge,3,1325,,,,,c035728a-5e3d-43f2-9ee1-b71b66e620ec,,Inhassunge,,,,,,,a0bc0cc7-cbee-4dca-a1b3-16e4f2a9cb65
1407,Mucupia,4,1406,,,,,c92724c3-751e-4ee2-ae88-997430b1ca74,,#N/A,,,,,,,#N/A
1408,Mucupia-sede,5,1407,,,,,54a6d265-a2ef-4c4c-ba99-63d230889f8b,,Mucupia-Sede,,,,,,,a8960f05-bf40-4467-ad48-1876579e57fa
1409,Chirimane,5,1407,,,,,1eb2402e-3669-45c6-a247-2dacfc6fe560,,Chirimane,,,,,,,135e95fc-590f-4da9-8214-6087e68af787
1410,Ilova,5,1407,,,,,8212cde0-90d6-444d-8303-fe7b8d46ef33,,Ilova,,,,,,,3d60afa4-6d7d-4064-bb45-ed3a0e84cd6d
1411,Bingagira,5,1407,,,,,f98b74fe-855b-457a-8262-f6ae4987cafc,,#N/A,,,,,,,#N/A
1412,Gonhane,4,1406,,,,,e2589860-21c3-488d-abc4-27f1fbddc891,,Gonhane,,,,,,,08515ce1-ece2-4496-8b16-8c1c95ad3346
1413,Gonhane-sede,5,1412,,,,,35a52780-480e-406a-99ef-3761a11bc545,,#N/A,,,,,,,#N/A
1414,Lugela,3,1325,,,,,ac79ee24-da8e-4cfd-84ee-0824c97a93c0,,Lugela,,,,,,,3dc74390-08a4-4e5e-ad4c-a27c1bbdb599
1415,Lugela-Sede,4,1414,,,,,60b9163e-99b9-4175-a81c-4e4422a066d8,,#N/A,,,,,,,#N/A
1416,Vila de Lugela,5,1415,,,,,db796ebb-e510-4dd3-9521-d369efb1bd21,,Vila De Lugela,,,,,,,95b64b59-0c46-45e9-9b20-88fcfbb882e7
1417,Mussengane,5,1415,,,,,e4bd9103-4c4e-4e85-86aa-5b25a07b39a3,,#N/A,,,,,,,#N/A
1418,Nagobo,5,1415,,,,,14b04eb4-0940-47c2-8468-f24c5d927d3c,,Nagobo,,,,,,,c1f891d7-a745-4fcb-815e-fe64161cba42
1419,Phutine,5,1415,,,,,20b847e2-3ae7-4a89-8adc-9eca58401294,,#N/A,,,,,,,#N/A
1420,Taba,5,1415,,,,,30145d65-8f15-4734-9326-8916bad29a8c,,#N/A,,,,,,,#N/A
1421,Tacuane,4,1414,,,,,527bb571-be54-42c9-b255-14cf24a5aa18,,Tacuane,,,,,,,17167c64-d946-472d-ac83-26937656d923
1422,Tacuane-sede,5,1421,,,,,c7a2e655-f572-4f71-a7aa-e3c8998b29ac,,#N/A,,,,,,,#N/A
1423,Ebide,5,1421,,,,,16e7148a-57e4-4d77-bbd5-4f03d813fe94,,#N/A,,,,,,,#N/A
1424,Mabu,5,1421,,,,,c6afc901-eef1-47be-8139-d8256736af1b,,Mabu,,,,,,,9b8e6ab1-644b-4277-bbfb-00b77a1e7def
1425,Munhamade,4,1414,,,,,44dac391-90bf-45ef-932b-bc8db95e27c9,,Munhamade,,,,,,,dedea93f-1d75-4305-9ac1-ede90529f048
1426,Munhamade-sede,5,1425,,,,,740fa0ec-7537-4f28-a0bf-bdc06e1c022a,,#N/A,,,,,,,#N/A
1427,Alto Lugela,5,1425,,,,,b6e2511f-f9f3-4f3b-9313-eff5b6ebb85b,,Alto Lugela,,,,,,,79d2fa0e-bd4d-4f8d-aeac-08453fb82cd0
1428,Cuba,5,1425,,,,,21837abe-4bbd-4d9b-adfc-af1fa804be0f,,Cuba,,,,,,,e48c4f9e-4c04-4d8e-9681-6b21195033ad
1429,Mulide,5,1425,,,,,be149d96-8571-4d5e-8d7c-58390ec507fc,,Mulide,,,,,,,82990838-f107-4553-8477-a84055ef46cf
1430,Tenede,5,1425,,,,,5c49f7ac-85d0-4913-90e3-30e8b0088b16,,Tenede,,,,,,,a03fe364-952a-47de-bca7-07087b0887b5
1431,Muabanama,4,1414,,,,,9769620e-6fe9-440b-8415-b6e1b7d1e9fd,,Muabanama,,,,,,,d988dece-07a5-41f8-812a-82f0cde6b9dd
1432,Muabanama-sede,5,1431,,,,,42edb759-851f-4f7f-97ce-91937b935770,,#N/A,,,,,,,#N/A
1433,Comone,5,1431,,,,,4f53259c-8b8f-4f33-9762-f1e6342c69cc,,Comone,,,,,,,76b9034f-780d-4956-b5ec-20680abc1916
1434,MPemula,5,1431,,,,,71f93a51-acec-4cfd-ab71-fa73c190b421,,Mpemula,,,,,,,fabf4a99-ab06-48c6-b00a-8fb7221c4f52
1435,Maganja da Costa,3,1325,,,,,c4bd1f24-509b-4543-bed8-1a3b59ea46f6,,MAGANJA DA COSTA,,,,,,,766dab53-8483-4473-9926-050649bcbdcd
1436,Maganja da Costa-Sede,4,1435,,,,,148cce68-b044-4991-a3ee-5e956e85301c,,#N/A,,,,,,,#N/A
1437,Maganja-sede,5,1436,,,,,41f47120-57de-44ef-9112-7dc5fee0f9ba,,#N/A,,,,,,,#N/A
1438,Cabuir,5,1436,,,,,51c6861e-b1a3-4080-ae41-507f32ac4067,,#N/A,,,,,,,#N/A
1439,Cariua,5,1436,,,,,972ddf3b-48a7-4b9b-bd7f-a94109ebb3e8,,Cariua,,,,,,,0ea08e20-be59-4155-91a4-d9ad3e64b469
1440,Bajone,4,1435,,,,,3ba2f35c-5e42-4e78-80db-4597be0f6ea6,,Bajone,,,,,,,f1371412-02b1-4cdb-a573-071e0ab2980a
1441,Missal,5,1440,,,,,761ffc0a-49de-47c6-9d28-0c3f97f9a53b,,Missal,,,,,,,185212fa-a39d-4e59-b90b-88caa2aa73d5
1442,Nacuida,5,1440,,,,,8074a654-e890-4f22-affd-e42345e113cb,,#N/A,,,,,,,#N/A
1443,Naico Mussipa,5,1440,,,,,e59def96-5916-45fe-a970-4f46b9f8fe70,,#N/A,,,,,,,#N/A
1444,Mocubela,4,1435,,,,,e07024ea-0f0c-4552-8611-fd29edb5aea2,,MOCUBELA,,,,,,,56a7022a-d25d-4d0b-ba9f-9216c02e18c7
1445,Mocubela-sede,5,1444,,,,,a8691be8-86e9-4a32-9e4b-325ee35842cf,,#N/A,,,,,,,#N/A
1446,Maneia,5,1444,,,,,4bd60fe9-4268-4fd1-b82e-6c05a523c82a,,Maneia,,,,,,,4acf13ea-ada6-42dd-afab-37ebe402e249
1447,Muzo,5,1444,,,,,80f5edaf-3755-4d54-8977-e85177c697c8,,#N/A,,,,,,,#N/A
1448,Nante,4,1435,,,,,6c38f4b8-b21f-4c43-b8f9-81e0cd2f993f,,Nante,,,,,,,f969d5e0-8f51-4fff-8cec-78e116422594
1449,Nante-sede,5,1448,,,,,17d53e12-bf6c-4718-8e82-3b523765eb04,,Nante-Sede,,,,,,,9db5441f-3585-4e7f-a0a8-cdd4aff982cb
1450,Alto Mutola,5,1448,,,,,6f65043d-e777-4969-bdf1-beb11f130894,,Alto Mutola,,,,,,,46d0cf3f-68f4-4ba2-b320-de21e35ddbd2
1451,Moneia Malugune,5,1448,,,,,d4772b46-917d-4a8f-bbfe-98881d10ae01,,#N/A,,,,,,,#N/A
1452,Muoloa,5,1448,,,,,edb73175-76eb-44f3-bf1f-373896c35410,,Muoloa,,,,,,,b699974d-5a7e-4838-b623-9cbcd55d85f5
1453,Nomiua,5,1448,,,,,171da9d3-1d99-4675-b253-42bb56038e55,,Nomiua,,,,,,,3a4dad4b-0118-4883-bbe4-c35cd2fa1435
1454,Milange,3,1325,,,,,a73493a2-5926-447f-a2f7-ca3e00452492,,Milange,,,,,,,936da59e-d353-4653-a4d3-b35ec4939f4e
1455,Milange-Sede,4,1454,,,,,23ff42b1-0fd0-4915-9e12-c745cb19dff4,,#N/A,,,,,,,#N/A
1456,Cidade de Milange,5,1455,,,,,36225bd5-328d-4eda-afbb-1b1bb2d79778,,#N/A,,,,,,,#N/A
1457,Chitambo,5,1455,,,,,00e9d071-1ee9-4987-bac7-70a8e00354ea,,Chitambo,,,,,,,1d46fa9c-71c6-43da-8fed-b27b837ee9d5
1458,Liciro,5,1455,,,,,78ff07d6-20ae-4096-940a-38feacb98117,,Liciro,,,,,,,2e1a6df7-5144-428d-9299-e12bf2c61525
1459,Tengua,5,1455,,,,,70fe8333-6044-4c24-9d1d-2902f637ad5b,,Tengua,,,,,,,c2d9810f-228f-4d22-aebe-95514b88079b
1460,Vulalo,5,1455,,,,,5b1d3234-20a5-4a91-94f3-4194bd4a85cf,,Vulalo,,,,,,,b3405404-5c51-4ddc-8592-4d17a15e7d41
1461,Majaua,4,1454,,,,,6036a136-a801-4f8e-8ae7-5407466243fd,,Majaua,,,,,,,dc541b50-366f-4d7f-8af0-d0d9e53bb6d5
1462,Majaua-sede,5,1461,,,,,de2a8c26-7193-4e1b-b9e6-cfd47b998388,,#N/A,,,,,,,#N/A
1463,Dachudua,5,1461,,,,,e80fe476-8d76-4e09-9125-2c4a5f0e359f,,Dachudua,,,,,,,a88c1ff4-0396-4ef3-9276-8535e87bcb52
1464,Zalimoba,5,1461,,,,,12a82c70-3c85-4d4e-89d4-ba8933567994,,#N/A,,,,,,,#N/A
1465,Molumbo,4,1454,,,,,da78b614-faea-4b97-ab8f-d3de7e0c178b,,Molumbo,,,,,,,275f52e1-271b-4f16-aa35-f28fd9ea199a
1466,Molumbo-Sede,5,1465,,,,,5ceffcf7-c771-4a0b-ad4c-4cc7df91514a,,#N/A,,,,,,,#N/A
1467,Capitao Mor-Muhalo,5,1465,,,,,352165f7-57cf-4a64-9143-f8791bd15f04,,#N/A,,,,,,,#N/A
1468,Dualo-Nangoma,5,1465,,,,,940003c0-76e7-4028-a5b6-de468868c667,,#N/A,,,,,,,#N/A
1469,Mongue,4,1454,,,,,58f489cf-00fb-4372-bd4e-557bdd156807,,Mongue,,,,,,,d52cbfe1-1160-467a-af7b-515f5d6ba9f6
1470,Mongue-sede,5,1469,,,,,da7bb891-0d1a-4744-a24b-03c9934c38e1,,#N/A,,,,,,,#N/A
1471,Dulanha,5,1469,,,,,eba7b39a-5bcc-4787-876a-9a4ba25c3055,,Dulanha,,,,,,,bf5b19a4-5ff5-459e-af1d-ea16b7f0da8a
1472,Sabelua,5,1469,,,,,e7e28145-a3ee-4e6d-a3ac-291c44cbf453,,Sabelua,,,,,,,a08671b9-cdcb-4564-b7ae-77370bac742f
1473,Mocuba,3,1325,,,,,60fcc770-dbec-4e2c-9405-634bbf0855b7,,Mocuba,,,,,,,3ed8a7b6-d263-44ad-a2dc-f55036f199e4
1474,Mocuba-sede,4,1473,,,,,85a16e0d-c57b-4246-a4ea-08fd61a65f69,,#N/A,,,,,,,#N/A
1475,Munhimba-Nhal,5,1474,,,,,3a3eb3c8-66c6-4664-ae8c-8a5aec0feda4,,#N/A,,,,,,,#N/A
1476,Mugeba,4,1473,,,,,e6f54ae1-e08f-4e1d-a87f-dadb72ce63ca,,Mugeba,,,,,,,d8806ef3-2ee5-44c7-9aca-d3674ae438b5
1477,Mugeba-sede,5,1476,,,,,e03c9938-fc95-42d4-a4cd-4b15a50bac6d,,#N/A,,,,,,,#N/A
1478,Maguia,5,1476,,,,,78750e52-18e9-47a4-9ec8-2c1e1b254d88,,#N/A,,,,,,,#N/A
1479,Namajavira,4,1473,,,,,0660d195-22ab-4c19-8e1c-f9e9f8a8bef1,,#N/A,,,,,,,#N/A
1480,Namajavira-sede,5,1479,,,,,fb2365ea-a725-4160-9022-eababb804c71,,#N/A,,,,,,,#N/A
1481,Alto Benfica,5,1479,,,,,6c52d6bf-6f37-4247-ac45-6063b5ec981f,,Alto Benfica,,,,,,,c2b1be58-4db9-4104-9979-aaf44c0efe83
1482,Mopeia,3,1325,,,,,8b5ccf16-d250-4f2b-bb25-2957edb243a2,,Mopeia,,,,,,,3809d096-171a-4162-8345-d337e4c3ad1b
1483,Mopeia-sede,4,1482,,,,,9457943d-6f76-4f8c-990c-8b990a6171a7,,#N/A,,,,,,,#N/A
1484,Vila de Mopeia,5,1483,,,,,e51bfd66-27f7-4141-a75c-5b92903f0cb0,,#N/A,,,,,,,#N/A
1485,Chimuara,5,1483,,,,,2edd2fee-d14b-4615-b82d-41d6501dcc8f,,Chimuara,,,,,,,b9a37a0e-855e-462c-99d4-7c6b0756ec72
1486,Nzanza,5,1483,,,,,d0f58537-560b-42f4-a621-ce9e7a0e37be,,Nzanza,,,,,,,3a69cd92-e423-46c7-ac01-3df2bbc83195
1487,Rovuma,5,1483,,,,,0acc3c6a-7237-4491-8a96-1779be04dc8f,,Rovuma,,,,,,,cbe55ecc-89ff-4534-ab9f-9c67fc2b5543
1488,Campo,4,1482,,,,,2e6819e5-372e-4f42-985b-b4752b764899,,Campo,,,,,,,24cc6407-48b7-4dd2-9916-54124d069bb2
1489,Campo-sede,5,1488,,,,,806ead37-ca85-4c7a-9956-7e9cd249d989,,#N/A,,,,,,,#N/A
1490,Catale,5,1488,,,,,508d35a1-685b-4311-b134-b0f10114756e,,#N/A,,,,,,,#N/A
1491,Luala,5,1488,,,,,27204fbb-3c8c-467b-b61c-56e62663c90b,,#N/A,,,,,,,#N/A
1492,Mungane,5,1488,,,,,dd18d87c-bf2a-45ea-8eda-1d770469896c,,Mungane,,,,,,,586f814c-8b25-4b36-b8c2-2146624077ce
1493,Morrumbala,3,1325,,,,,01ce5eb0-2847-41f6-a990-8c6fc488ed75,,Morrumbala,,,,,,,ce9bacc3-c637-4e3f-8637-4f15fcd8eb00
1494,Morrumba-sede,4,1493,,,,,f78dad3e-7450-4989-b072-7dc22a7584d6,,#N/A,,,,,,,#N/A
1495,Vila de Morrumbala,5,1494,,,,,3841ae76-8177-4f69-ab81-aa0a24d8ff68,,Vila De Morrumbala,,,,,,,71400545-359c-4c1e-a3a5-6613fa24ffc9
1496,Boroma,5,1494,,,,,d088f1da-0e49-4f70-a0eb-262a0aa68495,,Boroma,,,,,,,470d5ed1-a59a-4f98-a326-1246842ae753
1497,Mepinha,5,1494,,,,,10088833-151b-4fb2-ae9c-13bcfdb01a96,,#N/A,,,,,,,#N/A
1498,Muandiua,5,1494,,,,,9a21a104-bc0a-4567-aacb-6567d1d78671,,#N/A,,,,,,,#N/A
1499,Sabe,5,1494,,,,,e4206f94-9e3e-4b21-9bf0-4dbc81cf8e16,,Sabe,,,,,,,62074904-8613-425f-8ff5-b35733b218b4
1500,Chire,4,1493,,,,,9b93f8ce-decb-45f0-86b8-766fbd7251c1,,Chire,,,,,,,f5bb3380-4000-4fbf-9638-a64df3dabcb6
1500,Chire,4,1493,,,,,9b93f8ce-decb-45f0-86b8-766fbd7251c1,,Chire,,,,,,,f5bb3380-4000-4fbf-9638-a64df3dabcb6
1501,Chire-sede,5,1500,,,,,94734e49-3d88-4148-9f13-63a61a04d773,,#N/A,,,,,,,#N/A
1502,Chilomo,5,1500,,,,,c19373a6-048f-4a19-a39e-5447adcfcab7,,Chilomo,,,,,,,23e92d93-37e4-49a8-aea2-c6192d5e88fd
1503,Gorro,5,1500,,,,,048a1599-41a7-4b02-84d7-b1cd05ff0704,,Gorro,,,,,,,e994b3a5-1c10-416e-975d-09453c3ec70d
1504,Derre,4,1493,,,,,edba76b2-c5c0-47c9-ac80-604d0d8543a1,,Derre,,,,,,,67208f83-7a51-45c9-950a-11d7c7f5c36a
1505,Derre-sede,5,1504,,,,,cb77f661-0b4d-4216-abcf-e750f251dce6,,Derre-Sede,,,,,,,e8f09f81-3bb7-46a9-8a43-1054d90900e1
1506,Gueressa,5,1504,,,,,2d447322-f932-4365-8229-c9f77a90e8e4,,#N/A,,,,,,,#N/A
1507,Machindo,5,1504,,,,,cbd7a7c0-9943-454f-bd11-ff4565590a32,,#N/A,,,,,,,#N/A
1508,Megaza,4,1493,,,,,9020f54c-3e79-463d-8a04-38bacca759b4,,Megaza,,,,,,,754d6872-0ae0-46e8-9b54-6e225526ce34
1509,Megaza-sede,5,1508,,,,,9fe87341-4d5f-41c5-b606-4910057a587e,,#N/A,,,,,,,#N/A
1510,Pinda,5,1508,,,,,1fbe0a19-7a17-4750-971c-262c46c0b27b,,Pinda,,,,,,,ad17bdaa-3ece-4e84-966b-3c8980267661
1511,Namacurra,3,1325,,,,,9281681e-f039-4c4a-ba42-0c927eda3354,,Namacurra,,,,,,,3b3feffa-3244-480d-8270-fadc1d12910f
1512,Namacurra-sede,4,1511,,,,,60cd5cf0-8935-4558-9226-d8082519cc0d,,#N/A,,,,,,,#N/A
1513,Vila de Namacurra,5,1512,,,,,8c76675d-eef1-4dd5-8082-e848a00819fe,,#N/A,,,,,,,#N/A
1514,Malei,5,1512,,,,,cdaa9dd3-eb77-4c1a-aa7a-00abdd1e89c6,,Malei,,,,,,,c39612e4-620f-4ad9-8c4d-f6f719fb53b5
1515,Muebele,5,1512,,,,,b91beea7-43f0-49fe-8119-1355bcf7b055,,#N/A,,,,,,,#N/A
1516,Mutange,5,1512,,,,,f2336f18-518a-4a59-9021-55b3a6f60126,,Mutange,,,,,,,e99e7c8c-20e6-4a75-93c4-c3e5b0d169b6
1517,Pida,5,1512,,,,,c8b1ebc6-52c3-475b-975a-56d9e62a6caa,,Pida,,,,,,,fb0256d1-4171-431f-bec9-b8ae72e7a0fe
1518,Macuse,4,1511,,,,,05f1baf2-2135-41ad-863f-2ba0f6aa7b9a,,Macuse,,,,,,,74b95811-bdfc-4523-83af-6cbe3cfb13d6
1519,Macuse-sede,5,1518,,,,,94637b49-e50e-4fb8-9a75-20426ae6ae6a,,#N/A,,,,,,,#N/A
1520,Furquia,5,1518,,,,,6ef4667c-eb63-4581-8335-adf72723474c,,Furquia,,,,,,,ff453d83-b74e-4702-b2b2-33ac5d5cc235
1521,MBaua,5,1518,,,,,6b195e74-4ec6-4cba-a49d-5a7bda488b7e,,Mbaua,,,,,,,6d32ac36-26f5-48a8-b6c7-ff77a6d2e540
1522,Maxixine,5,1518,,,,,6888154e-2a37-4d4f-9a23-49561511f130,,#N/A,,,,,,,#N/A
1523,Namarroi,3,1325,,,,,f2174dea-da71-4dfa-a554-9e3a2ad40594,,Namarroi,,,,,,,ef0bc8fd-2e07-44c1-81a6-2a8b4654edc5
1524,Namarroi-sede,4,1523,,,,,9844bb06-443b-45fd-adf9-a238c70f38d2,,#N/A,,,,,,,#N/A
1525,Vila de Namarroi,5,1524,,,,,82efceb8-680a-4fac-a06a-cd8f0f4d68d9,,Vila De Namarroi,,,,,,,54c5e8ec-a828-431d-bc4a-7b9f33c85acd
1526,Lipilali,5,1524,,,,,a3868551-7208-47fe-9174-2a01bba6c07f,,#N/A,,,,,,,#N/A
1527,Marrea,5,1524,,,,,36855c05-2ed5-4290-9989-725af73b8aa2,,#N/A,,,,,,,#N/A
1528,Mudine,5,1524,,,,,60490704-0b15-44b9-9535-4361595b6459,,Mudine,,,,,,,39e5087f-0c5c-4225-9fe6-afde5981ed6a
1529,Muemue,5,1524,,,,,f4fd8653-1d43-4663-a4b7-8a13ab6b6b56,,Muemue,,,,,,,34840116-434e-421d-a452-1318712d41a1
1530,Regone,4,1523,,,,,48b25c8a-750e-45ae-a324-68d83a51a20b,,Regone,,,,,,,f57bd806-34b6-4d23-b6d3-acff1ca31a8b
1531,Regone-sede,5,1530,,,,,f5aebab0-b5ca-443c-9fab-27fa26419c3e,,#N/A,,,,,,,#N/A
1532,Mutatala,5,1530,,,,,a394c786-96af-43e3-8258-b9a996e5048f,,Mutatala,,,,,,,ff880019-423c-44d9-93ea-cb132d805009
1533,Nicoadala,3,1325,,,,,b6c7f091-3402-42ab-b7d1-f606a00a15ad,,Nicoadala,,,,,,,d568d3fd-9aed-4c7e-83c6-a459b79301e8
1533,Nicoadala,3,1325,,,,,b6c7f091-3402-42ab-b7d1-f606a00a15ad,,Nicoadala,,,,,,,d568d3fd-9aed-4c7e-83c6-a459b79301e8
1534,Nicoadala-sede,4,1533,,,,,83993516-0b6e-48c5-8dfa-6021a80735be,,#N/A,,,,,,,#N/A
1535,Vila de Nocoadala,5,1534,,,,,d1a0290e-4677-47a4-986d-94bf0561eb7a,,#N/A,,,,,,,#N/A
1536,Munhonha,5,1534,,,,,c72d83e5-2cd7-423e-bb2b-2c8ef1ddba5f,,Munhonha,,,,,,,dbdc6872-753c-46bf-a34a-d4f6a8794c5c
1537,Namacata,5,1534,,,,,9d222a70-07b1-4579-bf61-10c2ee2a6d4c,,Namacata,,,,,,,bf958815-d954-47fb-a47b-dc8ef94bef30
1538,Nhafuba,5,1534,,,,,a04fd1fc-1f02-47e5-8862-dfcaafc07510,,Nhafuba,,,,,,,5ff596e3-f1e8-41ce-8554-656aa6aa9ca3
1539,Maquival,4,1533,,,,,2b4234b5-4792-4ca4-b54e-8a81f84f78a0,,Maquival,,,,,,,f6aa5d78-f94e-481c-9a2a-6e2f7adfabe9
1540,Maquival-Sede,5,1539,,,,,7241a741-031e-43e5-b9a7-4ec509ba85e6,,#N/A,,,,,,,#N/A
1541,Ionge,5,1539,,,,,5b62447b-7342-470d-b848-4d3a346d9789,,#N/A,,,,,,,#N/A
1542,Madal,5,1539,,,,,f27a6b2f-c90a-4b93-95dd-da5e3ec51d38,,Madal,,,,,,,4b383e6a-ede8-4f73-a3eb-53225dd72d4c
1543,Marrongane,5,1539,,,,,e74405df-5a75-42a8-b990-a5f5687806f5,,Marrongane,,,,,,,c37d3336-21dd-459c-9c5a-9fd9a5523ca1
1544,Nangoela,5,1539,,,,,024cbdb7-e0d0-47b6-9fae-c0e0aedb8616,,Nangoela,,,,,,,356cefe3-d248-4b9e-b03c-d09d8f913a07
1545,Pebane,3,1325,,,,,4cac2a68-6200-40b8-9728-c4c21381e0b7,,Pebane,,,,,,,05ceef06-7257-41a8-924c-d45020250603
1546,Pebane-sede,4,1545,,,,,1bb90e4e-8d74-4700-95bb-995f1096869f,,#N/A,,,,,,,#N/A
1547,Quichanga,5,1546,,,,,76554dbb-ca16-44b9-af17-8389f6640929,,Quichanga,,,,,,,2d98bd70-b684-41c6-8776-0c5a3d620a1d
1548,Impaca,5,1546,,,,,38cc91f9-0067-4783-a54b-c316efdc878c,,Impaca,,,,,,,342e9515-5b89-4162-aa6e-538d304f2ecc
1549,Magiga,5,1546,,,,,89c55394-7bcb-403f-8eab-9ac6e9815d08,,Magiga,,,,,,,4d50026b-c13d-4737-bfbc-f921b71db6da
1550,Nicadine,5,1546,,,,,e60440ba-177f-45fe-bc25-13a26cc79e32,,Nicadine,,,,,,,1c64eccb-69a9-406e-bb3d-877d8943366e
1551,Mulela,4,1545,,,,,680b8ac0-5a3e-42a4-8f9e-4755524e30ab,,Mulela,,,,,,,017278b5-cb94-4316-97bc-ffd99ac29bdd
1552,Mulela-sede,5,1551,,,,,1db89bd2-d111-4d1c-8f9b-6fe4c7b96bf3,,#N/A,,,,,,,#N/A
1553,Alto Maganha,5,1551,,,,,15850baf-ac15-47ff-a6ac-aa1fb282f7a0,,Alto Maganha,,,,,,,d44103ae-5412-4420-bba2-c5a4363d6af9
1554,Malema,5,1551,,,,,f2b2a2c1-efc1-4423-894a-69c35b39f549,,Malema,,,,,,,ba4937f6-2466-4bac-9367-9376cb36b1a8
1555,Mucocoro,5,1551,,,,,22ab51ef-fff1-4e2e-81b6-fb96161a9b16,,Mucocoro,,,,,,,c66625d6-74b0-4515-9ded-494525fb2f33
1556,Namanla,5,1551,,,,,28b776dd-71b4-46b9-9abc-e4cd20008631,,Namanla,,,,,,,fdb07581-9a2f-4391-8f47-acac9c5d7526
1557,Naburi,4,1545,,,,,6952a8df-7d32-4b2a-a5c6-c8af8cbe19ee,,Naburi,,,,,,,43031b22-d61e-4b33-b097-d2b2f0a4aee6
1557,Naburi,4,1545,,,,,6952a8df-7d32-4b2a-a5c6-c8af8cbe19ee,,Naburi,,,,,,,43031b22-d61e-4b33-b097-d2b2f0a4aee6
1558,Naburi-sede,5,1557,,,,,0da497e4-1fad-4481-a50b-1f4e90abc7d0,,#N/A,,,,,,,#N/A
1559,Mihecue,5,1557,,,,,2965d665-5660-4230-9104-46eeb9af36cd,,Mihecue,,,,,,,d163ea17-b0c6-415b-a8e7-d1cbac3c5743
1560,Namahipe,5,1557,,,,,cff1aab0-4c8e-455c-ae7c-730abbcf108b,,Namahipe,,,,,,,202b3a5f-a1fe-477d-80d2-90a5084ac756
1561,Tomeia,5,1557,,,,,3ff479cf-1437-4a00-980a-04da7d14d592,,Tomeia,,,,,,,da1db58c-0714-4eee-a77c-14f006ae21b0
1562,Txalalalane,5,1557,,,,,9554c9ac-79d6-4a34-a9a4-09e2992c6e53,,#N/A,,,,,,,#N/A
1563,Nampula,2,1107,,,,,2d439d78-c49c-4658-a00a-978af7288f8b,2509,Nampula,10,1734,,,,,851bdf08-5cbb-45fb-9596-ce5875b7cddd
1564,Cidade de Nampula,3,1563,,,,,944484f4-5b1b-46f9-89b4-8576135f2455,,Cidade De Nampula,,,,,,,f9a1c5df-5e26-401b-865c-e2c3c264b056
1565,Angoche,3,1563,,,,,b83eb47d-26df-41aa-b5db-9e4f034c60d2,2530,Angoche,11,2509,,,,,1f8e397d-66ca-4431-ba08-8d77df2cdacf
1565,Angoche,3,1563,,,,,b83eb47d-26df-41aa-b5db-9e4f034c60d2,,Angoche,,,,,,,1f8e397d-66ca-4431-ba08-8d77df2cdacf
1566,Erati,3,1563,,,,,3ad156ed-0410-4818-9d35-48871f77efcf,,Erati,,,,,,,11b14b0b-de4c-4425-ac96-60d7264caa79
1567,Ilha de Mocambique,3,1563,,,,,ae4ac7c6-43c8-4444-8ef8-62398140b401,,#N/A,,,,,,,#N/A
1568,Lalaua,3,1563,,,,,4de0f8d8-8d39-4c23-87e6-d7a967309ec3,,Lalaua,,,,,,,734961b3-d859-48bb-a938-66f34cea0dfa
1568,Lalaua,3,1563,,,,,4de0f8d8-8d39-4c23-87e6-d7a967309ec3,,Lalaua,,,,,,,734961b3-d859-48bb-a938-66f34cea0dfa
1569,Malema,3,1563,,,,,8f6c6355-74a0-4c99-9015-451356685220,,Malema,,,,,,,ba4937f6-2466-4bac-9367-9376cb36b1a8
1570,Meconta,3,1563,,,,,1866e701-e1a2-465b-9bc6-6d4782ca5128,,Meconta,,,,,,,de1000b5-86d6-40c0-96bd-75298b596290
1571,Mecuburi,3,1563,,,,,e23704ee-67f1-46c8-b55a-29eb69268d4f,,Mecuburi,,,,,,,fca59600-4c41-4428-9684-7e574d3df659
1572,Memba,3,1563,,,,,3aedd031-db63-41a9-8c25-ca138c5d88a4,,Memba,,,,,,,d7000603-e860-4b91-ac5a-757be078b264
1573,Mogincual,3,1563,,,,,8645727e-ddf8-431b-a933-c9ae531c6287,,Mogincual,,,,,,,65c6ae12-38f1-4d29-a8b0-eb0bfa54dd2a
1574,Mogovolas,3,1563,,,,,d77a6d57-9ffa-44b1-a820-4583970011bd,,Mogovolas,,,,,,,2ba77584-05e1-4d86-90f3-20b5c6a248e7
1575,Moma,3,1563,,,,,bfd60578-12d3-4d05-b4dd-99d171562b02,,Moma,,,,,,,076de305-f00b-438f-ac81-da7a49a05adc
1576,Monapo,3,1563,,,,,8db6a6bd-8a19-4828-a545-2ba71d8b48e4,,Monapo,,,,,,,d0367fc6-f2e3-45c1-a052-65948b55839b
1577,Mossuril,3,1563,,,,,805e5ab8-665f-4aae-967b-cd9080339bae,,Mossuril,,,,,,,6ef193f7-b7af-40a1-9a83-46df44df5052
1578,Muecati,3,1563,,,,,ec049b54-c18e-42fd-a336-54e74e8f24ee,,#N/A,,,,,,,#N/A
1579,Murrupula,3,1563,,,,,26df68b8-46a1-40a9-9c43-53c381954cf3,,Murrupula,,,,,,,86b91403-7985-482b-b44c-6784cbe18e74
1580,Nacala-Porto,3,1563,,,,,06760938-6a50-4134-bbc2-882ed586a0a8,,Nacala-Porto,,,,,,,bf245b18-fcae-4b17-b82c-27f9b3a598fc
1581,Nacala-a-Velha,3,1563,,,,,4f9d66ff-9232-42fd-9441-5658b49e8e29,,NACALA-A-VELHA,,,,,,,fb5504bf-dfea-49e8-bf69-d990756edd16
1582,Nacaroa,3,1563,,,,,e8382d5b-ce3b-4a18-bc69-ba8e1cebb904,,NACAROA,,,,,,,1fec48c0-8c00-4ab7-8698-ee25853630db
1583,Ribaue,3,1563,,,,,e737260d-1f92-4fe5-9ca7-4a6c115c423d,,Ribaue,,,,,,,dbaae509-cd1a-4b80-84b6-422c3539cddb
1584,Cabo Delgado,2,1107,,,,,642ca745-6b4d-42ff-afa7-7768e46d7bd9,3536,Cabo Delgado,10,1734,,,,,07505c5a-75e0-4c4c-af22-ee7eff333178
1585,Pemba,3,1584,,,,,9d406b1f-f564-47c2-9d9d-0a9c98cf0e8c,,Pemba,,,,,,,cf77cf4b-9c19-407e-9821-fff364c50cb6
1586,Ancuabe,3,1584,,,,,9ca0c830-51f2-4016-a6e4-957e807b554f,3540,Ancuabe,11,3536,,,,,0c81c862-e8ba-4480-80ec-2c11daf7b5ae
1587,Balama,3,1584,,,,,6ec3cca5-83ef-434b-aa3d-6b02e0620d3e,,Balama,,,,,,,d675013e-fcd0-4cde-ad15-644881295014
1588,Chiure,3,1584,,,,,2a529395-813b-41c3-92bc-b1090b53a77a,,#N/A,,,,,,,#N/A
1589,Ibo,3,1584,,,,,5399c8ba-36f8-45c0-9b6f-7a2818df376a,,Ibo,,,,,,,4060db32-2c07-4669-9e44-1e95bbae1865
1590,Macomia,3,1584,,,,,8438398d-219d-4993-8758-eafb9c619207,,Macomia,,,,,,,799e8f45-90f9-40e5-98b5-2683e8ff379d
1591,Mecufi,3,1584,,,,,6d766645-4a45-4800-af82-04b32687e158,,MECUFI,,,,,,,84a0aa8f-d108-4ab6-86f7-b6c437d8e692
1592,Meluco,3,1584,,,,,ff51251a-07e6-4747-b09e-9fa6a391b3c1,,Meluco,,,,,,,c342a11e-1855-4574-a675-330a14227cab
1593,Mocimboa da Praia,3,1584,,,,,fa1961e4-817a-47a5-9d85-2f80bc0afcd3,,#N/A,,,,,,,#N/A
1594,Montepuez,3,1584,,,,,6ae03205-675f-4e88-ac47-063a6b438603,,Montepuez,,,,,,,914b25a9-52f0-41b9-89b6-efb91be507fa
1595,Mueda,3,1584,,,,,3583efcb-3676-445b-ae75-d4bcfbe1d6fc,,Mueda,,,,,,,60bdf413-e42c-45df-98fa-366b8111e9ae
1596,Muidumbe,3,1584,,,,,91604a1a-cabc-4aa6-8471-b72782b740b2,,Muidumbe,,,,,,,f5cd7a85-0abd-4c7b-9f84-81a79be4f2e3
1597,Namuno,3,1584,,,,,5a5ddd4c-aca6-4682-948b-d170ae0db1b6,,Namuno,,,,,,,bd273d83-df8f-48bf-84f0-6d1da3338bfc
1598,Nangade,3,1584,,,,,4a98cad1-fde2-4ebb-b810-5ed23cf016d4,,Nangade,,,,,,,92a475d9-e29f-4f0c-a395-6becfb3d5b77
1599,Palma,3,1584,,,,,885919a0-fdaf-4e1d-84fa-2ceb7041e356,,Palma,,,,,,,efa3e0b8-ba53-4933-a3da-9636fe968b87
1600,Metuge,3,1584,,,,,4231d43e-6305-4201-8da0-4e273acfbef9,,METUGE,,,,,,,6417f7f6-da6b-4610-a441-b3a1acdb1669
1601,Quissanga,3,1584,,,,,b5c399f3-0e3b-4482-955d-48c2fc3ac2bf,,Quissanga,,,,,,,c83a3cad-2453-4925-aa0b-a6c1b3eacbfa
1602,Niassa,2,1107,,,,,61b46029-40dd-4a7d-a574-6056f31e8cae,2780,Niassa,10,1734,,,,,41b144ba-b8f6-4249-8c23-77ad9491577a
1603,Cidade de Lichinga,3,1602,,,,,d1017271-785b-4880-a771-32af6e86c58b,,#N/A,,,,,,,#N/A
1604,Cuamba,3,1602,,,,,eccda5ca-18b2-44a8-8df9-90a09e59d6a1,,Cuamba,,,,,,,ed8b2108-8c38-482f-956d-4c0db9ea72c4
1604,Cuamba,3,1602,,,,,eccda5ca-18b2-44a8-8df9-90a09e59d6a1,,Cuamba,,,,,,,ed8b2108-8c38-482f-956d-4c0db9ea72c4
1604,Cuamba,3,1602,,,,,eccda5ca-18b2-44a8-8df9-90a09e59d6a1,,Cuamba,,,,,,,ed8b2108-8c38-482f-956d-4c0db9ea72c4
1604,Cuamba,3,1602,,,,,eccda5ca-18b2-44a8-8df9-90a09e59d6a1,,Cuamba,,,,,,,ed8b2108-8c38-482f-956d-4c0db9ea72c4
1604,Cuamba,3,1602,,,,,eccda5ca-18b2-44a8-8df9-90a09e59d6a1,,Cuamba,,,,,,,ed8b2108-8c38-482f-956d-4c0db9ea72c4
1604,Cuamba,3,1602,,,,,eccda5ca-18b2-44a8-8df9-90a09e59d6a1,,Cuamba,,,,,,,ed8b2108-8c38-482f-956d-4c0db9ea72c4
1604,Cuamba,3,1602,,,,,eccda5ca-18b2-44a8-8df9-90a09e59d6a1,,Cuamba,,,,,,,ed8b2108-8c38-482f-956d-4c0db9ea72c4
1604,Cuamba,3,1602,,,,,eccda5ca-18b2-44a8-8df9-90a09e59d6a1,,Cuamba,,,,,,,ed8b2108-8c38-482f-956d-4c0db9ea72c4
1604,Cuamba,3,1602,,,,,eccda5ca-18b2-44a8-8df9-90a09e59d6a1,,Cuamba,,,,,,,ed8b2108-8c38-482f-956d-4c0db9ea72c4
1604,Cuamba,3,1602,,,,,eccda5ca-18b2-44a8-8df9-90a09e59d6a1,,Cuamba,,,,,,,ed8b2108-8c38-482f-956d-4c0db9ea72c4
1604,Cuamba,3,1602,,,,,eccda5ca-18b2-44a8-8df9-90a09e59d6a1,,Cuamba,,,,,,,ed8b2108-8c38-482f-956d-4c0db9ea72c4
1605,Lago,3,1602,,,,,b75b90b2-d889-4dea-b7be-cd3344979298,,Lago,,,,,,,d2bc8e18-b82e-4928-8f38-61b98f30f577
1605,Lago,3,1602,,,,,b75b90b2-d889-4dea-b7be-cd3344979298,,Lago,,,,,,,d2bc8e18-b82e-4928-8f38-61b98f30f577
1605,Lago,3,1602,,,,,b75b90b2-d889-4dea-b7be-cd3344979298,,Lago,,,,,,,d2bc8e18-b82e-4928-8f38-61b98f30f577
1605,Lago,3,1602,,,,,b75b90b2-d889-4dea-b7be-cd3344979298,,Lago,,,,,,,d2bc8e18-b82e-4928-8f38-61b98f30f577
1605,Lago,3,1602,,,,,b75b90b2-d889-4dea-b7be-cd3344979298,,Lago,,,,,,,d2bc8e18-b82e-4928-8f38-61b98f30f577
1605,Lago,3,1602,,,,,b75b90b2-d889-4dea-b7be-cd3344979298,,Lago,,,,,,,d2bc8e18-b82e-4928-8f38-61b98f30f577
1605,Lago,3,1602,,,,,b75b90b2-d889-4dea-b7be-cd3344979298,,Lago,,,,,,,d2bc8e18-b82e-4928-8f38-61b98f30f577
1605,Lago,3,1602,,,,,b75b90b2-d889-4dea-b7be-cd3344979298,,Lago,,,,,,,d2bc8e18-b82e-4928-8f38-61b98f30f577
1605,Lago,3,1602,,,,,b75b90b2-d889-4dea-b7be-cd3344979298,,Lago,,,,,,,d2bc8e18-b82e-4928-8f38-61b98f30f577
1605,Lago,3,1602,,,,,b75b90b2-d889-4dea-b7be-cd3344979298,,Lago,,,,,,,d2bc8e18-b82e-4928-8f38-61b98f30f577
1606,Distrito de Lichinga,3,1602,,,,,9ab0fb96-e3b5-48f5-9b74-4590150cc437,,DISTRITO DE LICHINGA,,,,,,,dfeeffd0-2d09-4561-bed1-5feb94a1e8fc
1607,Majune,3,1602,,,,,fa2b342a-d76d-466b-a5c4-36b13f02361c,,Majune,,,,,,,8c08a2f9-b2d5-49e4-9b2d-4d5470098e97
1608,Mandimba,3,1602,,,,,9b26a60a-c399-45a1-ae07-5afc6e67687e,,Mandimba,,,,,,,c46ba356-414d-4793-bad0-9dda808aba5d
1609,Marrupa,3,1602,,,,,6fe34cab-86c5-42d0-9042-59c629f5de41,,Marrupa,,,,,,,e6471a3b-fb09-4a3a-a78a-754954ebcfe7
1610,Maua,3,1602,,,,,ba40b020-9c00-4cda-8db0-6abef086afcc,,Maua,,,,,,,981233d3-e093-4583-ad3b-2c109116724c
1611,Mavago,3,1602,,,,,fec7f782-840b-427a-a5b3-a706188f7f78,,Mavago,,,,,,,a7e6729a-f553-4ef8-96e1-f5625a91b4e7
1612,Mecanhelas,3,1602,,,,,15c6cc41-e5a5-444d-8c4c-70beef2aa0b4,,Mecanhelas,,,,,,,9854c7ed-ee22-45b3-8bc2-3884c6018bd2
1613,Mecula,3,1602,,,,,fe4f2908-b9d6-43b9-8d1a-e1dd088c2da7,,Mecula,,,,,,,b842b640-77dd-460d-b7f5-c36ae4eff488
1614,Metarica,3,1602,,,,,eaa1475f-fec9-4330-a8a8-1952cafc963f,,Metarica,,,,,,,7ee8a7c3-edd4-4da1-96e6-158903907461
1615,Muembe,3,1602,,,,,b37a764a-110a-47ca-a974-e9c7179a344f,,Muembe,,,,,,,8277f231-e399-4916-9e3b-9fb84ec4a8c1
1616,Ngauma,3,1602,,,,,270c65ad-627e-4abe-ac30-e09b15eeedfd,,Ngauma,,,,,,,82b9fe82-2099-4ec8-9510-7d7d1eaad9b1
1616,Ngauma,3,1602,,,,,270c65ad-627e-4abe-ac30-e09b15eeedfd,,Ngauma,,,,,,,82b9fe82-2099-4ec8-9510-7d7d1eaad9b1
1616,Ngauma,3,1602,,,,,270c65ad-627e-4abe-ac30-e09b15eeedfd,,Ngauma,,,,,,,82b9fe82-2099-4ec8-9510-7d7d1eaad9b1
1616,Ngauma,3,1602,,,,,270c65ad-627e-4abe-ac30-e09b15eeedfd,,Ngauma,,,,,,,82b9fe82-2099-4ec8-9510-7d7d1eaad9b1
1617,Nipepe,3,1602,,,,,5a3e6027-1c29-4602-bfb3-d931be284e35,,Nipepe,,,,,,,a9c5ab9a-f3f1-4782-865b-ec63aab29417
1617,Nipepe,3,1602,,,,,5a3e6027-1c29-4602-bfb3-d931be284e35,,Nipepe,,,,,,,a9c5ab9a-f3f1-4782-865b-ec63aab29417
1617,Nipepe,3,1602,,,,,5a3e6027-1c29-4602-bfb3-d931be284e35,,Nipepe,,,,,,,a9c5ab9a-f3f1-4782-865b-ec63aab29417
1617,Nipepe,3,1602,,,,,5a3e6027-1c29-4602-bfb3-d931be284e35,,Nipepe,,,,,,,a9c5ab9a-f3f1-4782-865b-ec63aab29417
1617,Nipepe,3,1602,,,,,5a3e6027-1c29-4602-bfb3-d931be284e35,,Nipepe,,,,,,,a9c5ab9a-f3f1-4782-865b-ec63aab29417
1617,Nipepe,3,1602,,,,,5a3e6027-1c29-4602-bfb3-d931be284e35,,Nipepe,,,,,,,a9c5ab9a-f3f1-4782-865b-ec63aab29417
1617,Nipepe,3,1602,,,,,5a3e6027-1c29-4602-bfb3-d931be284e35,,Nipepe,,,,,,,a9c5ab9a-f3f1-4782-865b-ec63aab29417
1617,Nipepe,3,1602,,,,,5a3e6027-1c29-4602-bfb3-d931be284e35,,Nipepe,,,,,,,a9c5ab9a-f3f1-4782-865b-ec63aab29417
1617,Nipepe,3,1602,,,,,5a3e6027-1c29-4602-bfb3-d931be284e35,,Nipepe,,,,,,,a9c5ab9a-f3f1-4782-865b-ec63aab29417
1617,Nipepe,3,1602,,,,,5a3e6027-1c29-4602-bfb3-d931be284e35,,Nipepe,,,,,,,a9c5ab9a-f3f1-4782-865b-ec63aab29417
1617,Nipepe,3,1602,,,,,5a3e6027-1c29-4602-bfb3-d931be284e35,,Nipepe,,,,,,,a9c5ab9a-f3f1-4782-865b-ec63aab29417
1618,Sanga,3,1602,,,,,2e34cdde-7db1-4ab8-bd56-18f921a7f6e3,,Sanga,,,,,,,0fca0e47-944d-4b8e-9f3b-39c50df4a084